customer_id,name,email,city,signup_date
1,Customer_001,customer001@example.com,Kolkata,2025-09-25
2,Customer_002,customer002@example.com,Bengaluru,2026-02-22
3,Customer_003,customer003@example.com,Chennai,2025-02-02
4,Customer_004,customer004@example.com,Hyderabad,2025-02-17
5,Customer_005,customer005@example.com,Kolkata,2026-02-11
6,Customer_006,customer006@example.com,Lucknow,2025-03-03
7,Customer_007,customer007@example.com,Mumbai,2025-08-04
8,Customer_008,customer008@example.com,Kolkata,2025-10-20
9,Customer_009,customer009@example.com,Chennai,2025-04-09
10,Customer_010,customer010@example.com,Hyderabad,2025-06-21
11,Customer_011,customer011@example.com,Bengaluru,2025-12-26
12,Customer_012,customer012@example.com,Chennai,2025-08-02
13,Customer_013,customer013@example.com,Chennai,2026-04-20
14,Customer_014,customer014@example.com,Mumbai,2025-02-04
15,Customer_015,customer015@example.com,Pune,2026-03-25
16,Customer_016,customer016@example.com,Hyderabad,2025-08-15
17,Customer_017,customer017@example.com,Delhi,2025-04-11
18,Customer_018,customer018@example.com,Chennai,2026-03-07
19,Customer_019,customer019@example.com,Pune,2026-04-07
20,Customer_020,customer020@example.com,Delhi,2025-05-11
21,Customer_021,customer021@example.com,Hyderabad,2025-09-14
22,Customer_022,customer022@example.com,Jaipur,2025-01-05
23,Customer_023,customer023@example.com,Lucknow,2025-08-06
24,Customer_024,customer024@example.com,Pune,2025-09-12
25,Customer_025,customer025@example.com,Ahmedabad,2026-02-02
26,Customer_026,customer026@example.com,Jaipur,2025-12-25
27,Customer_027,customer027@example.com,Lucknow,2025-10-10
28,Customer_028,customer028@example.com,Mumbai,2026-01-28
29,Customer_029,customer029@example.com,Kolkata,2025-07-26
30,Customer_030,customer030@example.com,Bengaluru,2025-01-15
31,Customer_031,customer031@example.com,Ahmedabad,2025-12-12
32,Customer_032,customer032@example.com,Mumbai,2025-02-11
33,Customer_033,customer033@example.com,Hyderabad,2026-01-15
34,Customer_034,customer034@example.com,Mumbai,2026-04-06
35,Customer_035,customer035@example.com,Kolkata,2025-06-28
36,Customer_036,customer036@example.com,Hyderabad,2025-03-04
37,Customer_037,customer037@example.com,Ahmedabad,2025-12-18
38,Customer_038,customer038@example.com,Kolkata,2025-08-19
39,Customer_039,customer039@example.com,Delhi,2025-08-29
40,Customer_040,customer040@example.com,Bengaluru,2025-02-21
41,Customer_041,customer041@example.com,Ahmedabad,2025-04-06
42,Customer_042,customer042@example.com,Delhi,2026-01-23
43,Customer_043,customer043@example.com,Lucknow,2025-08-10
44,Customer_044,customer044@example.com,Ahmedabad,2026-04-30
45,Customer_045,customer045@example.com,Lucknow,2026-02-11
46,Customer_046,customer046@example.com,Hyderabad,2025-08-19
47,Customer_047,customer047@example.com,Delhi,2025-08-25
48,Customer_048,customer048@example.com,Bengaluru,2025-05-23
49,Customer_049,customer049@example.com,Kolkata,2025-06-20
50,Customer_050,customer050@example.com,Chennai,2025-01-29
51,Customer_051,customer051@example.com,Mumbai,2025-02-05
52,Customer_052,customer052@example.com,Jaipur,2025-01-13
53,Customer_053,customer053@example.com,Bengaluru,2025-06-09
54,Customer_054,customer054@example.com,Delhi,2025-11-23
55,Customer_055,customer055@example.com,Chennai,2025-07-06
56,Customer_056,customer056@example.com,Bengaluru,2025-08-31
57,Customer_057,customer057@example.com,Delhi,2025-03-27
58,Customer_058,customer058@example.com,Pune,2025-10-11
59,Customer_059,customer059@example.com,Pune,2025-03-07
60,Customer_060,customer060@example.com,Lucknow,2025-06-19
61,Customer_061,customer061@example.com,Bengaluru,2025-02-14
62,Customer_062,customer062@example.com,Pune,2025-03-03
63,Customer_063,customer063@example.com,Delhi,2026-03-17
64,Customer_064,customer064@example.com,Lucknow,2025-05-14
65,Customer_065,customer065@example.com,Delhi,2025-10-11
66,Customer_066,customer066@example.com,Lucknow,2025-01-28
67,Customer_067,customer067@example.com,Bengaluru,2025-04-18
68,Customer_068,customer068@example.com,Chennai,2025-02-13
69,Customer_069,customer069@example.com,Kolkata,2025-12-06
70,Customer_070,customer070@example.com,Ahmedabad,2025-10-13
71,Customer_071,customer071@example.com,Chennai,2026-03-22
72,Customer_072,customer072@example.com,Hyderabad,2025-11-27
73,Customer_073,customer073@example.com,Delhi,2025-05-08
74,Customer_074,customer074@example.com,Hyderabad,2025-12-14
75,Customer_075,customer075@example.com,Chennai,2026-04-18
76,Customer_076,customer076@example.com,Lucknow,2025-08-19
77,Customer_077,customer077@example.com,Ahmedabad,2025-07-09
78,Customer_078,customer078@example.com,Ahmedabad,2025-08-13
79,Customer_079,customer079@example.com,Jaipur,2026-01-20
80,Customer_080,customer080@example.com,Ahmedabad,2026-01-12
81,Customer_081,customer081@example.com,Kolkata,2025-10-10
82,Customer_082,customer082@example.com,Ahmedabad,2026-03-22
83,Customer_083,customer083@example.com,Chennai,2025-05-01
84,Customer_084,customer084@example.com,Jaipur,2025-04-26
85,Customer_085,customer085@example.com,Chennai,2026-04-06
86,Customer_086,customer086@example.com,Chennai,2025-08-21
87,Customer_087,customer087@example.com,Mumbai,2025-09-16
88,Customer_088,customer088@example.com,Jaipur,2025-12-25
89,Customer_089,customer089@example.com,Chennai,2025-07-17
90,Customer_090,customer090@example.com,Mumbai,2026-04-01
91,Customer_091,customer091@example.com,Mumbai,2026-02-15
92,Customer_092,customer092@example.com,Jaipur,2025-05-17
93,Customer_093,customer093@example.com,Hyderabad,2025-11-14
94,Customer_094,customer094@example.com,Lucknow,2025-06-14
95,Customer_095,customer095@example.com,Kolkata,2025-08-13
96,Customer_096,customer096@example.com,Lucknow,2025-11-03
97,Customer_097,customer097@example.com,Ahmedabad,2025-08-22
98,Customer_098,customer098@example.com,Kolkata,2025-06-21
99,Customer_099,customer099@example.com,Ahmedabad,2025-06-01
100,Customer_100,customer100@example.com,Chennai,2026-04-08
