order_item_id,order_id,product_id,quantity,unit_price
1,1001,102,3,28321.0
2,1001,114,2,24238.0
3,1001,111,3,17975.0
4,1001,103,1,30603.0
5,1002,144,1,37457.0
6,1002,121,3,28973.0
7,1003,137,3,5231.0
8,1003,120,2,27036.0
9,1003,119,1,50150.0
10,1003,105,3,3604.0
11,1004,101,2,8294.0
12,1004,138,3,52962.0
13,1004,134,1,38859.0
14,1005,149,1,497.0
15,1005,124,2,46945.0
16,1005,115,3,23964.0
17,1006,146,1,41072.0
18,1006,117,1,20380.0
19,1006,108,3,51305.0
20,1006,127,2,38923.0
21,1007,107,3,54684.0
22,1007,129,1,55980.0
23,1008,103,2,30603.0
24,1008,115,1,23964.0
25,1008,130,2,47017.0
26,1008,107,1,54684.0
27,1009,144,1,37457.0
28,1009,138,1,52962.0
29,1010,122,2,37805.0
30,1010,102,3,28321.0
31,1010,113,1,44717.0
32,1010,108,1,51305.0
33,1011,130,2,47017.0
34,1011,146,3,41072.0
35,1012,138,3,52962.0
36,1012,145,1,2627.0
37,1012,133,2,51159.0
38,1013,108,3,51305.0
39,1014,124,1,46945.0
40,1014,117,1,20380.0
41,1015,132,3,21856.0
42,1015,116,2,1936.0
43,1016,128,1,7692.0
44,1016,110,2,39653.0
45,1017,133,2,51159.0
46,1017,133,1,51159.0
47,1017,141,1,53670.0
48,1017,130,1,47017.0
49,1018,126,2,24848.0
50,1019,102,2,28321.0
51,1019,139,2,33270.0
52,1019,146,2,41072.0
53,1020,115,2,23964.0
54,1020,142,3,12988.0
55,1021,149,3,497.0
56,1021,103,3,30603.0
57,1021,106,1,53215.0
58,1021,106,1,53215.0
59,1022,131,1,54701.0
60,1022,112,2,53033.0
61,1022,128,2,7692.0
62,1023,147,3,52383.0
63,1023,107,3,54684.0
64,1023,120,2,27036.0
65,1023,122,2,37805.0
66,1024,103,3,30603.0
67,1024,141,2,53670.0
68,1024,114,3,24238.0
69,1025,112,3,53033.0
70,1025,112,1,53033.0
71,1026,145,3,2627.0
72,1027,119,3,50150.0
73,1027,146,1,41072.0
74,1028,129,3,55980.0
75,1028,132,3,21856.0
76,1028,144,2,37457.0
77,1028,106,2,53215.0
78,1029,122,1,37805.0
79,1029,132,1,21856.0
80,1029,103,2,30603.0
81,1030,135,1,26609.0
82,1030,129,2,55980.0
83,1030,115,1,23964.0
84,1031,112,1,53033.0
85,1031,130,1,47017.0
86,1031,131,2,54701.0
87,1032,124,1,46945.0
88,1033,128,2,7692.0
89,1033,120,2,27036.0
90,1033,149,3,497.0
91,1033,132,1,21856.0
92,1034,134,2,38859.0
93,1034,115,2,23964.0
94,1034,136,2,22219.0
95,1034,139,2,33270.0
96,1035,112,3,53033.0
97,1035,145,2,2627.0
98,1035,140,1,44515.0
99,1036,133,3,51159.0
100,1036,126,2,24848.0
101,1036,123,2,47623.0
102,1037,114,2,24238.0
103,1037,102,3,28321.0
104,1037,137,1,5231.0
105,1037,138,1,52962.0
106,1038,147,2,52383.0
107,1039,139,1,33270.0
108,1039,120,2,27036.0
109,1039,139,2,33270.0
110,1039,117,3,20380.0
111,1040,128,2,7692.0
112,1041,137,1,5231.0
113,1041,101,1,8294.0
114,1041,123,3,47623.0
115,1042,111,2,17975.0
116,1042,103,2,30603.0
117,1042,114,2,24238.0
118,1043,110,2,39653.0
119,1044,101,1,8294.0
120,1045,108,3,51305.0
121,1045,112,1,53033.0
122,1045,120,1,27036.0
123,1045,143,1,25642.0
124,1046,137,1,5231.0
125,1046,149,1,497.0
126,1046,144,3,37457.0
127,1047,106,3,53215.0
128,1047,120,2,27036.0
129,1047,114,2,24238.0
130,1048,137,2,5231.0
131,1049,101,3,8294.0
132,1050,106,1,53215.0
133,1050,105,1,3604.0
134,1050,149,3,497.0
135,1051,112,2,53033.0
136,1051,120,1,27036.0
137,1052,124,3,46945.0
138,1052,143,2,25642.0
139,1053,125,2,1154.0
140,1053,129,1,55980.0
141,1054,131,3,54701.0
142,1054,143,2,25642.0
143,1054,123,2,47623.0
144,1055,123,2,47623.0
145,1055,145,2,2627.0
146,1055,142,3,12988.0
147,1055,108,2,51305.0
148,1056,101,3,8294.0
149,1057,129,2,55980.0
150,1057,105,3,3604.0
151,1057,122,3,37805.0
152,1057,134,1,38859.0
153,1058,126,3,24848.0
154,1058,110,2,39653.0
155,1058,118,1,28028.0
156,1059,108,3,51305.0
157,1059,140,1,44515.0
158,1060,127,1,38923.0
159,1060,146,1,41072.0
160,1060,101,3,8294.0
161,1060,131,2,54701.0
162,1061,148,1,40845.0
163,1062,126,2,24848.0
164,1063,102,2,28321.0
165,1063,106,3,53215.0
166,1063,109,1,46876.0
167,1063,141,1,53670.0
168,1064,113,1,44717.0
169,1064,113,3,44717.0
170,1064,141,3,53670.0
171,1064,104,2,50947.0
172,1065,138,2,52962.0
173,1066,138,3,52962.0
174,1066,106,2,53215.0
175,1066,118,1,28028.0
176,1066,141,3,53670.0
177,1067,145,3,2627.0
178,1067,101,2,8294.0
179,1067,107,1,54684.0
180,1068,115,1,23964.0
181,1069,107,3,54684.0
182,1069,121,3,28973.0
183,1069,129,1,55980.0
184,1069,133,1,51159.0
185,1070,149,3,497.0
186,1070,144,2,37457.0
187,1070,126,3,24848.0
188,1070,135,2,26609.0
189,1071,110,2,39653.0
190,1071,146,1,41072.0
191,1072,121,2,28973.0
192,1072,108,2,51305.0
193,1072,106,1,53215.0
194,1073,126,1,24848.0
195,1074,105,2,3604.0
196,1074,148,1,40845.0
197,1074,115,3,23964.0
198,1074,143,3,25642.0
199,1075,146,2,41072.0
200,1075,144,3,37457.0
201,1076,145,1,2627.0
202,1076,123,3,47623.0
203,1076,116,3,1936.0
204,1077,115,1,23964.0
205,1078,111,3,17975.0
206,1078,115,1,23964.0
207,1078,113,2,44717.0
208,1078,119,2,50150.0
209,1079,104,1,50947.0
210,1079,146,3,41072.0
211,1080,147,3,52383.0
212,1081,116,2,1936.0
213,1081,136,2,22219.0
214,1081,118,2,28028.0
215,1081,149,1,497.0
216,1082,126,1,24848.0
217,1082,130,3,47017.0
218,1082,107,3,54684.0
219,1082,144,2,37457.0
220,1083,113,3,44717.0
221,1083,107,3,54684.0
222,1083,149,2,497.0
223,1084,142,2,12988.0
224,1085,101,1,8294.0
225,1085,142,3,12988.0
226,1085,113,3,44717.0
227,1086,121,2,28973.0
228,1086,128,1,7692.0
229,1087,109,3,46876.0
230,1087,110,2,39653.0
231,1088,142,1,12988.0
232,1089,127,1,38923.0
233,1089,104,2,50947.0
234,1090,119,3,50150.0
235,1090,110,1,39653.0
236,1090,118,3,28028.0
237,1090,136,2,22219.0
238,1091,105,3,3604.0
239,1092,135,2,26609.0
240,1093,121,1,28973.0
241,1094,148,1,40845.0
242,1094,115,3,23964.0
243,1095,107,3,54684.0
244,1095,110,1,39653.0
245,1095,114,1,24238.0
246,1095,125,2,1154.0
247,1096,135,3,26609.0
248,1096,121,2,28973.0
249,1096,103,2,30603.0
250,1096,139,1,33270.0
251,1097,111,3,17975.0
252,1098,146,3,41072.0
253,1098,104,2,50947.0
254,1098,138,2,52962.0
255,1098,132,3,21856.0
256,1099,146,1,41072.0
257,1100,136,3,22219.0
258,1101,108,1,51305.0
259,1102,106,1,53215.0
260,1102,139,1,33270.0
261,1102,149,2,497.0
262,1103,105,3,3604.0
263,1103,132,1,21856.0
264,1103,108,2,51305.0
265,1103,108,2,51305.0
266,1104,144,1,37457.0
267,1104,103,2,30603.0
268,1104,106,2,53215.0
269,1105,144,2,37457.0
270,1105,138,1,52962.0
271,1105,135,2,26609.0
272,1106,130,2,47017.0
273,1106,144,2,37457.0
274,1106,136,1,22219.0
275,1107,129,3,55980.0
276,1108,116,2,1936.0
277,1108,130,1,47017.0
278,1108,116,1,1936.0
279,1109,112,3,53033.0
280,1109,116,2,1936.0
281,1109,145,3,2627.0
282,1109,128,3,7692.0
283,1110,105,1,3604.0
284,1110,130,1,47017.0
285,1110,120,2,27036.0
286,1110,122,2,37805.0
287,1111,139,1,33270.0
288,1111,116,2,1936.0
289,1111,134,1,38859.0
290,1111,114,1,24238.0
291,1112,145,2,2627.0
292,1112,141,1,53670.0
293,1112,102,3,28321.0
294,1113,109,1,46876.0
295,1114,103,2,30603.0
296,1114,123,2,47623.0
297,1114,104,2,50947.0
298,1115,106,3,53215.0
299,1115,122,3,37805.0
300,1115,115,2,23964.0
301,1116,137,2,5231.0
302,1116,112,3,53033.0
303,1116,149,2,497.0
304,1116,138,2,52962.0
305,1117,135,2,26609.0
306,1118,142,2,12988.0
307,1118,114,2,24238.0
308,1118,103,3,30603.0
309,1118,114,1,24238.0
310,1119,121,3,28973.0
311,1119,102,3,28321.0
312,1119,102,3,28321.0
313,1120,114,2,24238.0
314,1120,110,1,39653.0
315,1121,125,1,1154.0
316,1121,133,3,51159.0
317,1122,101,2,8294.0
318,1122,116,2,1936.0
319,1123,103,3,30603.0
320,1123,141,2,53670.0
321,1124,113,1,44717.0
322,1125,108,1,51305.0
323,1125,134,1,38859.0
324,1126,104,1,50947.0
325,1126,112,1,53033.0
326,1126,131,2,54701.0
327,1127,118,1,28028.0
328,1127,106,1,53215.0
329,1127,143,2,25642.0
330,1127,102,3,28321.0
331,1128,131,3,54701.0
332,1128,105,3,3604.0
333,1128,134,2,38859.0
334,1129,102,2,28321.0
335,1130,131,3,54701.0
336,1130,109,3,46876.0
337,1130,119,1,50150.0
338,1131,121,1,28973.0
339,1131,128,2,7692.0
340,1131,146,3,41072.0
341,1132,116,1,1936.0
342,1132,104,3,50947.0
343,1132,140,1,44515.0
344,1133,139,1,33270.0
345,1134,136,2,22219.0
346,1134,139,2,33270.0
347,1134,137,3,5231.0
348,1134,135,3,26609.0
349,1135,128,2,7692.0
350,1135,114,3,24238.0
351,1135,137,1,5231.0
352,1136,105,2,3604.0
353,1136,102,2,28321.0
354,1137,121,2,28973.0
355,1137,138,3,52962.0
356,1137,121,2,28973.0
357,1138,139,1,33270.0
358,1138,101,1,8294.0
359,1138,121,2,28973.0
360,1139,145,1,2627.0
361,1139,118,1,28028.0
362,1140,132,1,21856.0
363,1141,149,3,497.0
364,1141,121,3,28973.0
365,1141,126,2,24848.0
366,1142,134,2,38859.0
367,1142,140,3,44515.0
368,1142,141,1,53670.0
369,1142,129,2,55980.0
370,1143,121,2,28973.0
371,1143,113,1,44717.0
372,1144,117,1,20380.0
373,1145,101,2,8294.0
374,1146,148,1,40845.0
375,1146,133,2,51159.0
376,1146,140,1,44515.0
377,1146,128,3,7692.0
378,1147,134,3,38859.0
379,1147,122,1,37805.0
380,1147,115,1,23964.0
381,1148,123,1,47623.0
382,1148,119,1,50150.0
383,1148,132,1,21856.0
384,1148,123,1,47623.0
385,1149,113,1,44717.0
386,1149,123,3,47623.0
387,1149,101,1,8294.0
388,1149,124,3,46945.0
389,1150,117,1,20380.0
390,1150,120,1,27036.0
391,1150,140,2,44515.0
392,1150,131,2,54701.0
393,1151,111,3,17975.0
394,1151,119,3,50150.0
395,1151,128,3,7692.0
396,1151,143,2,25642.0
397,1152,105,2,3604.0
398,1153,132,2,21856.0
399,1153,138,3,52962.0
400,1154,148,1,40845.0
401,1154,131,1,54701.0
402,1154,109,2,46876.0
403,1154,115,2,23964.0
404,1155,149,2,497.0
405,1155,104,2,50947.0
406,1155,141,1,53670.0
407,1156,110,1,39653.0
408,1157,112,3,53033.0
409,1157,140,2,44515.0
410,1157,113,1,44717.0
411,1157,132,3,21856.0
412,1158,132,2,21856.0
413,1158,111,2,17975.0
414,1158,115,1,23964.0
415,1158,140,2,44515.0
416,1159,109,1,46876.0
417,1159,140,3,44515.0
418,1159,114,2,24238.0
419,1160,122,2,37805.0
420,1161,121,3,28973.0
421,1161,146,1,41072.0
422,1161,121,3,28973.0
423,1161,132,2,21856.0
424,1162,139,1,33270.0
425,1162,112,1,53033.0
426,1162,147,2,52383.0
427,1163,113,2,44717.0
428,1164,108,2,51305.0
429,1165,146,3,41072.0
430,1165,123,3,47623.0
431,1165,122,2,37805.0
432,1165,143,1,25642.0
433,1166,128,1,7692.0
434,1166,113,2,44717.0
435,1167,129,1,55980.0
436,1167,115,3,23964.0
437,1168,131,3,54701.0
438,1168,123,1,47623.0
439,1169,143,1,25642.0
440,1169,133,3,51159.0
441,1170,119,3,50150.0
442,1170,129,2,55980.0
443,1170,139,3,33270.0
444,1171,137,3,5231.0
445,1172,142,2,12988.0
446,1172,116,1,1936.0
447,1172,144,1,37457.0
448,1172,103,1,30603.0
449,1173,140,3,44515.0
450,1173,132,2,21856.0
451,1173,134,3,38859.0
452,1173,125,2,1154.0
453,1174,146,3,41072.0
454,1175,127,2,38923.0
455,1175,141,1,53670.0
456,1175,109,2,46876.0
457,1176,126,2,24848.0
458,1176,112,1,53033.0
459,1177,114,1,24238.0
460,1177,134,1,38859.0
461,1178,120,3,27036.0
462,1179,131,3,54701.0
463,1179,106,3,53215.0
464,1179,137,2,5231.0
465,1179,104,3,50947.0
466,1180,104,2,50947.0
467,1181,135,2,26609.0
468,1181,137,2,5231.0
469,1181,121,2,28973.0
470,1181,140,3,44515.0
471,1182,110,2,39653.0
472,1183,104,1,50947.0
473,1183,145,1,2627.0
474,1184,107,1,54684.0
475,1184,114,3,24238.0
476,1184,124,1,46945.0
477,1185,104,2,50947.0
478,1185,124,2,46945.0
479,1185,130,2,47017.0
480,1185,119,3,50150.0
481,1186,119,1,50150.0
482,1186,146,3,41072.0
483,1186,122,1,37805.0
484,1186,112,2,53033.0
485,1187,138,1,52962.0
486,1187,131,3,54701.0
487,1188,145,2,2627.0
488,1188,149,3,497.0
489,1188,133,2,51159.0
490,1188,149,3,497.0
491,1189,147,3,52383.0
492,1189,145,1,2627.0
493,1189,117,2,20380.0
494,1189,104,3,50947.0
495,1190,115,2,23964.0
496,1190,147,2,52383.0
497,1190,111,3,17975.0
498,1191,126,1,24848.0
499,1192,110,2,39653.0
500,1193,113,3,44717.0
501,1193,149,2,497.0
502,1193,145,2,2627.0
503,1194,145,3,2627.0
504,1195,119,2,50150.0
505,1196,146,2,41072.0
506,1196,105,1,3604.0
507,1196,137,1,5231.0
508,1197,110,1,39653.0
509,1198,106,2,53215.0
510,1198,104,2,50947.0
511,1198,139,3,33270.0
512,1198,135,1,26609.0
513,1199,136,2,22219.0
514,1199,141,2,53670.0
515,1199,146,1,41072.0
516,1199,131,1,54701.0
517,1200,121,2,28973.0
518,1200,124,2,46945.0
519,1200,130,2,47017.0
520,1200,128,3,7692.0
521,1201,128,2,7692.0
522,1201,110,2,39653.0
523,1201,131,2,54701.0
524,1202,113,2,44717.0
525,1203,109,1,46876.0
526,1203,136,3,22219.0
527,1203,120,2,27036.0
528,1203,143,1,25642.0
529,1204,104,2,50947.0
530,1205,127,3,38923.0
531,1206,115,2,23964.0
532,1206,132,3,21856.0
533,1207,124,3,46945.0
534,1207,148,3,40845.0
535,1207,121,2,28973.0
536,1207,126,2,24848.0
537,1208,137,2,5231.0
538,1209,118,1,28028.0
539,1210,123,2,47623.0
540,1210,137,1,5231.0
541,1210,119,3,50150.0
542,1211,121,1,28973.0
543,1212,141,1,53670.0
544,1213,104,3,50947.0
545,1213,142,1,12988.0
546,1214,122,3,37805.0
547,1214,133,1,51159.0
548,1214,124,1,46945.0
549,1215,134,2,38859.0
550,1216,141,3,53670.0
551,1216,122,1,37805.0
552,1216,117,2,20380.0
553,1217,146,2,41072.0
554,1217,134,1,38859.0
555,1218,121,1,28973.0
556,1218,102,2,28321.0
557,1219,102,2,28321.0
558,1219,134,3,38859.0
559,1219,139,2,33270.0
560,1219,112,3,53033.0
561,1220,138,3,52962.0
562,1220,110,3,39653.0
563,1220,149,3,497.0
564,1220,121,2,28973.0
565,1221,104,2,50947.0
566,1221,122,3,37805.0
567,1221,140,1,44515.0
568,1222,122,2,37805.0
569,1222,127,1,38923.0
570,1222,141,2,53670.0
571,1223,126,1,24848.0
572,1223,102,1,28321.0
573,1223,103,1,30603.0
574,1223,142,3,12988.0
575,1224,139,3,33270.0
576,1224,125,3,1154.0
577,1225,143,3,25642.0
578,1225,105,3,3604.0
579,1226,112,2,53033.0
580,1226,108,1,51305.0
581,1226,136,1,22219.0
582,1227,108,3,51305.0
583,1228,147,3,52383.0
584,1229,146,2,41072.0
585,1229,142,2,12988.0
586,1229,112,2,53033.0
587,1229,107,3,54684.0
588,1230,103,3,30603.0
589,1231,143,2,25642.0
590,1231,133,1,51159.0
591,1232,108,1,51305.0
592,1232,132,3,21856.0
593,1232,137,2,5231.0
594,1233,146,2,41072.0
595,1233,119,1,50150.0
596,1234,111,2,17975.0
597,1234,116,1,1936.0
598,1234,145,3,2627.0
599,1234,121,2,28973.0
600,1235,134,2,38859.0
601,1236,131,3,54701.0
602,1236,127,1,38923.0
603,1237,103,1,30603.0
604,1238,125,2,1154.0
605,1238,126,2,24848.0
606,1238,105,3,3604.0
607,1238,128,1,7692.0
608,1239,138,2,52962.0
609,1240,119,1,50150.0
610,1240,111,2,17975.0
611,1241,144,1,37457.0
612,1241,121,2,28973.0
613,1241,122,3,37805.0
614,1242,128,2,7692.0
615,1242,126,1,24848.0
616,1242,128,2,7692.0
617,1242,133,1,51159.0
618,1243,134,1,38859.0
619,1243,147,2,52383.0
620,1243,111,1,17975.0
621,1244,148,2,40845.0
622,1244,117,1,20380.0
623,1244,144,3,37457.0
624,1245,115,3,23964.0
625,1245,135,1,26609.0
626,1246,116,2,1936.0
627,1246,102,3,28321.0
628,1246,140,3,44515.0
629,1246,139,2,33270.0
630,1247,120,1,27036.0
631,1248,123,3,47623.0
632,1248,103,2,30603.0
633,1248,125,3,1154.0
634,1248,138,3,52962.0
635,1249,121,3,28973.0
636,1249,146,2,41072.0
637,1249,136,1,22219.0
638,1250,109,3,46876.0
639,1250,113,3,44717.0
640,1250,118,3,28028.0
641,1251,106,3,53215.0
642,1252,123,3,47623.0
643,1252,127,2,38923.0
644,1252,146,2,41072.0
645,1253,136,1,22219.0
646,1253,108,2,51305.0
647,1254,119,2,50150.0
648,1254,114,3,24238.0
649,1254,120,1,27036.0
650,1255,140,2,44515.0
651,1256,138,3,52962.0
652,1256,122,1,37805.0
653,1257,146,3,41072.0
654,1257,103,2,30603.0
655,1257,119,1,50150.0
656,1258,120,1,27036.0
657,1258,107,2,54684.0
658,1258,109,3,46876.0
659,1258,119,3,50150.0
660,1259,114,2,24238.0
661,1259,136,1,22219.0
662,1259,130,1,47017.0
663,1259,133,1,51159.0
664,1260,111,1,17975.0
665,1260,135,1,26609.0
666,1261,114,2,24238.0
667,1261,141,3,53670.0
668,1261,104,2,50947.0
669,1262,146,2,41072.0
670,1263,116,1,1936.0
671,1264,149,2,497.0
672,1264,112,3,53033.0
673,1265,146,2,41072.0
674,1265,121,3,28973.0
675,1265,121,1,28973.0
676,1266,120,1,27036.0
677,1266,103,1,30603.0
678,1266,109,1,46876.0
679,1266,109,3,46876.0
680,1267,134,1,38859.0
681,1268,145,3,2627.0
682,1268,147,2,52383.0
683,1268,112,2,53033.0
684,1268,147,3,52383.0
685,1269,119,2,50150.0
686,1270,129,2,55980.0
687,1270,140,1,44515.0
688,1270,138,1,52962.0
689,1270,129,3,55980.0
690,1271,107,2,54684.0
691,1271,112,1,53033.0
692,1271,103,2,30603.0
693,1271,144,2,37457.0
694,1272,134,3,38859.0
695,1272,141,1,53670.0
696,1272,108,3,51305.0
697,1272,138,2,52962.0
698,1273,125,2,1154.0
699,1273,117,1,20380.0
700,1274,106,2,53215.0
701,1274,127,3,38923.0
702,1274,142,1,12988.0
703,1274,129,1,55980.0
704,1275,135,2,26609.0
705,1276,148,1,40845.0
706,1276,120,1,27036.0
707,1276,113,1,44717.0
708,1277,149,2,497.0
709,1277,149,2,497.0
710,1278,143,1,25642.0
711,1278,126,3,24848.0
712,1278,121,1,28973.0
713,1278,149,2,497.0
714,1279,143,2,25642.0
715,1279,141,1,53670.0
716,1280,137,1,5231.0
717,1280,141,1,53670.0
718,1280,124,1,46945.0
719,1280,139,3,33270.0
720,1281,139,1,33270.0
721,1282,111,2,17975.0
722,1282,119,3,50150.0
723,1282,113,3,44717.0
724,1282,146,1,41072.0
725,1283,140,3,44515.0
726,1284,108,1,51305.0
727,1284,145,1,2627.0
728,1284,148,1,40845.0
729,1284,145,2,2627.0
730,1285,128,2,7692.0
731,1285,105,1,3604.0
732,1285,127,2,38923.0
733,1286,130,1,47017.0
734,1286,147,3,52383.0
735,1286,149,3,497.0
736,1287,118,2,28028.0
737,1287,102,2,28321.0
738,1287,133,3,51159.0
739,1287,136,2,22219.0
740,1288,119,3,50150.0
741,1289,140,1,44515.0
742,1289,133,2,51159.0
743,1289,115,1,23964.0
744,1289,139,2,33270.0
745,1290,129,1,55980.0
746,1290,110,2,39653.0
747,1290,111,1,17975.0
748,1291,114,2,24238.0
749,1291,109,1,46876.0
750,1292,128,3,7692.0
751,1292,120,2,27036.0
752,1292,127,1,38923.0
753,1293,129,2,55980.0
754,1293,103,2,30603.0
755,1294,102,1,28321.0
756,1294,141,2,53670.0
757,1294,112,3,53033.0
758,1294,143,1,25642.0
759,1295,145,3,2627.0
760,1295,126,1,24848.0
761,1295,121,2,28973.0
762,1296,131,1,54701.0
763,1297,124,1,46945.0
764,1297,138,1,52962.0
765,1297,143,2,25642.0
766,1298,135,1,26609.0
767,1298,109,1,46876.0
768,1298,138,2,52962.0
769,1298,130,2,47017.0
770,1299,103,3,30603.0
771,1299,128,3,7692.0
772,1299,141,3,53670.0
773,1299,123,3,47623.0
774,1300,132,2,21856.0
775,1300,136,1,22219.0
776,1300,124,3,46945.0
777,1300,134,1,38859.0
778,1301,104,1,50947.0
779,1301,101,1,8294.0
780,1301,147,3,52383.0
781,1302,110,2,39653.0
782,1303,135,3,26609.0
783,1303,147,3,52383.0
784,1303,127,2,38923.0
785,1303,111,1,17975.0
786,1304,138,1,52962.0
787,1305,134,2,38859.0
788,1305,101,3,8294.0
789,1305,104,1,50947.0
790,1305,145,2,2627.0
791,1306,130,3,47017.0
792,1307,111,1,17975.0
793,1307,104,2,50947.0
794,1307,127,2,38923.0
795,1308,143,3,25642.0
796,1308,142,3,12988.0
797,1309,106,3,53215.0
798,1309,115,1,23964.0
799,1310,142,1,12988.0
800,1310,137,2,5231.0
801,1311,137,3,5231.0
802,1311,123,2,47623.0
803,1311,104,2,50947.0
804,1311,109,1,46876.0
805,1312,113,3,44717.0
806,1313,117,1,20380.0
807,1313,132,2,21856.0
808,1313,104,1,50947.0
809,1314,141,1,53670.0
810,1315,134,1,38859.0
811,1316,123,3,47623.0
812,1316,103,2,30603.0
813,1317,132,1,21856.0
814,1317,149,1,497.0
815,1318,144,1,37457.0
816,1318,144,3,37457.0
817,1319,104,3,50947.0
818,1319,101,3,8294.0
819,1319,124,1,46945.0
820,1320,113,3,44717.0
821,1320,134,3,38859.0
822,1320,136,3,22219.0
823,1321,117,3,20380.0
824,1322,118,2,28028.0
825,1322,124,2,46945.0
826,1322,119,1,50150.0
827,1322,139,1,33270.0
828,1323,128,1,7692.0
829,1323,117,1,20380.0
830,1323,136,2,22219.0
831,1323,119,3,50150.0
832,1324,127,1,38923.0
833,1324,134,3,38859.0
834,1324,145,3,2627.0
835,1324,112,2,53033.0
836,1325,111,3,17975.0
837,1326,105,1,3604.0
838,1326,120,1,27036.0
839,1326,146,2,41072.0
840,1326,112,2,53033.0
841,1327,119,2,50150.0
842,1328,144,2,37457.0
843,1328,136,2,22219.0
844,1328,111,1,17975.0
845,1328,124,3,46945.0
846,1329,127,3,38923.0
847,1329,117,3,20380.0
848,1329,114,3,24238.0
849,1330,128,3,7692.0
850,1330,147,3,52383.0
851,1331,104,3,50947.0
852,1331,145,3,2627.0
853,1331,148,3,40845.0
854,1332,108,1,51305.0
855,1333,117,1,20380.0
856,1334,132,3,21856.0
857,1335,138,3,52962.0
858,1335,105,1,3604.0
859,1335,147,2,52383.0
860,1336,131,3,54701.0
861,1337,132,2,21856.0
862,1337,129,2,55980.0
863,1337,143,3,25642.0
864,1337,110,2,39653.0
865,1338,121,2,28973.0
866,1338,141,3,53670.0
867,1338,130,1,47017.0
868,1338,130,3,47017.0
869,1339,119,2,50150.0
870,1339,108,2,51305.0
871,1339,149,3,497.0
872,1340,107,3,54684.0
873,1340,101,1,8294.0
874,1341,101,3,8294.0
875,1342,113,1,44717.0
876,1343,109,3,46876.0
877,1343,101,3,8294.0
878,1343,102,3,28321.0
879,1343,140,3,44515.0
880,1344,134,2,38859.0
881,1345,104,2,50947.0
882,1345,131,2,54701.0
883,1346,135,3,26609.0
884,1346,114,1,24238.0
885,1346,145,2,2627.0
886,1347,119,3,50150.0
887,1348,116,2,1936.0
888,1348,140,1,44515.0
889,1349,134,2,38859.0
890,1349,116,2,1936.0
891,1349,102,2,28321.0
892,1350,113,3,44717.0
893,1350,131,2,54701.0
894,1351,103,3,30603.0
895,1351,114,2,24238.0
896,1351,127,2,38923.0
897,1352,139,1,33270.0
898,1353,101,1,8294.0
899,1353,141,2,53670.0
900,1353,113,1,44717.0
901,1354,119,1,50150.0
902,1354,125,2,1154.0
903,1354,131,1,54701.0
904,1355,123,2,47623.0
905,1355,110,2,39653.0
906,1355,136,2,22219.0
907,1356,120,2,27036.0
908,1356,114,2,24238.0
909,1356,128,2,7692.0
910,1356,124,3,46945.0
911,1357,130,3,47017.0
912,1357,104,1,50947.0
913,1358,123,2,47623.0
914,1358,112,3,53033.0
915,1358,131,2,54701.0
916,1359,118,2,28028.0
917,1359,111,1,17975.0
918,1360,149,3,497.0
919,1360,131,1,54701.0
920,1360,129,2,55980.0
921,1360,118,2,28028.0
922,1361,117,3,20380.0
923,1361,124,2,46945.0
924,1362,141,2,53670.0
925,1362,105,1,3604.0
926,1362,129,3,55980.0
927,1362,101,3,8294.0
928,1363,109,3,46876.0
929,1363,134,2,38859.0
930,1363,115,3,23964.0
931,1364,119,1,50150.0
932,1365,148,3,40845.0
933,1365,137,1,5231.0
934,1366,123,2,47623.0
935,1366,129,1,55980.0
936,1367,127,1,38923.0
937,1367,110,3,39653.0
938,1367,123,1,47623.0
939,1367,121,3,28973.0
940,1368,137,1,5231.0
941,1369,144,3,37457.0
942,1369,117,3,20380.0
943,1369,125,2,1154.0
944,1369,109,1,46876.0
945,1370,119,3,50150.0
946,1370,112,1,53033.0
947,1370,142,1,12988.0
948,1370,137,2,5231.0
949,1371,139,1,33270.0
950,1371,135,3,26609.0
951,1371,148,2,40845.0
952,1371,114,3,24238.0
953,1372,141,3,53670.0
954,1372,141,1,53670.0
955,1372,118,1,28028.0
956,1372,113,3,44717.0
957,1373,116,1,1936.0
958,1373,109,2,46876.0
959,1374,122,1,37805.0
960,1374,136,1,22219.0
961,1374,123,1,47623.0
962,1375,134,1,38859.0
963,1376,108,3,51305.0
964,1376,136,2,22219.0
965,1376,103,2,30603.0
966,1376,144,1,37457.0
967,1377,140,2,44515.0
968,1377,101,1,8294.0
969,1377,143,3,25642.0
970,1377,113,1,44717.0
971,1378,110,1,39653.0
972,1379,147,1,52383.0
973,1379,110,2,39653.0
974,1379,113,1,44717.0
975,1379,138,2,52962.0
976,1380,117,2,20380.0
977,1380,110,3,39653.0
978,1381,103,3,30603.0
979,1382,117,2,20380.0
980,1382,124,1,46945.0
981,1383,125,2,1154.0
982,1383,126,2,24848.0
983,1383,101,3,8294.0
984,1384,116,3,1936.0
985,1384,117,2,20380.0
986,1384,112,3,53033.0
987,1384,142,3,12988.0
988,1385,130,1,47017.0
989,1385,134,1,38859.0
990,1385,106,3,53215.0
991,1386,132,1,21856.0
992,1386,125,1,1154.0
993,1386,107,1,54684.0
994,1386,112,3,53033.0
995,1387,136,1,22219.0
996,1388,136,3,22219.0
997,1388,109,3,46876.0
998,1388,108,1,51305.0
999,1389,125,1,1154.0
1000,1389,122,3,37805.0
1001,1389,104,3,50947.0
1002,1390,141,1,53670.0
1003,1391,134,1,38859.0
1004,1391,115,3,23964.0
1005,1392,126,2,24848.0
1006,1392,140,1,44515.0
1007,1392,105,2,3604.0
1008,1392,111,3,17975.0
1009,1393,128,2,7692.0
1010,1393,141,1,53670.0
1011,1393,126,3,24848.0
1012,1393,142,1,12988.0
1013,1394,125,2,1154.0
1014,1394,145,3,2627.0
1015,1395,113,1,44717.0
1016,1395,108,3,51305.0
1017,1395,131,3,54701.0
1018,1396,101,1,8294.0
1019,1396,147,2,52383.0
1020,1396,124,2,46945.0
1021,1397,147,3,52383.0
1022,1397,141,2,53670.0
1023,1397,126,1,24848.0
1024,1397,105,1,3604.0
1025,1398,133,2,51159.0
1026,1398,138,3,52962.0
1027,1398,134,3,38859.0
1028,1399,121,2,28973.0
1029,1399,105,2,3604.0
1030,1399,138,2,52962.0
1031,1399,122,2,37805.0
1032,1400,114,2,24238.0
1033,1400,146,1,41072.0
1034,1401,130,3,47017.0
1035,1401,130,2,47017.0
1036,1401,129,1,55980.0
1037,1402,144,1,37457.0
1038,1402,117,3,20380.0
1039,1402,113,2,44717.0
1040,1403,131,2,54701.0
1041,1403,141,3,53670.0
1042,1403,148,3,40845.0
1043,1404,112,3,53033.0
1044,1404,137,1,5231.0
1045,1405,119,3,50150.0
1046,1405,138,2,52962.0
1047,1406,126,2,24848.0
1048,1406,104,3,50947.0
1049,1407,134,1,38859.0
1050,1408,143,1,25642.0
1051,1408,116,2,1936.0
1052,1408,134,3,38859.0
1053,1409,113,2,44717.0
1054,1409,108,2,51305.0
1055,1409,132,3,21856.0
1056,1409,130,1,47017.0
1057,1410,139,1,33270.0
1058,1410,120,2,27036.0
1059,1410,122,1,37805.0
1060,1411,144,1,37457.0
1061,1411,137,2,5231.0
1062,1412,137,2,5231.0
1063,1412,143,1,25642.0
1064,1412,124,2,46945.0
1065,1412,140,2,44515.0
1066,1413,108,3,51305.0
1067,1413,122,1,37805.0
1068,1413,127,1,38923.0
1069,1414,103,1,30603.0
1070,1415,110,1,39653.0
1071,1416,127,2,38923.0
1072,1416,101,1,8294.0
1073,1417,107,1,54684.0
1074,1418,120,1,27036.0
1075,1418,130,3,47017.0
1076,1418,135,1,26609.0
1077,1419,127,2,38923.0
1078,1419,114,1,24238.0
1079,1419,118,1,28028.0
1080,1420,129,1,55980.0
1081,1420,127,2,38923.0
1082,1420,104,1,50947.0
1083,1420,101,2,8294.0
1084,1421,145,3,2627.0
1085,1421,110,3,39653.0
1086,1422,141,1,53670.0
1087,1422,105,2,3604.0
1088,1422,101,1,8294.0
1089,1423,134,1,38859.0
1090,1423,141,1,53670.0
1091,1424,105,3,3604.0
1092,1424,121,3,28973.0
1093,1424,112,2,53033.0
1094,1424,119,1,50150.0
1095,1425,107,3,54684.0
1096,1425,107,2,54684.0
1097,1425,140,1,44515.0
1098,1425,121,2,28973.0
1099,1426,123,2,47623.0
1100,1426,120,3,27036.0
1101,1426,145,1,2627.0
1102,1426,108,1,51305.0
1103,1427,119,3,50150.0
1104,1427,146,2,41072.0
1105,1427,127,2,38923.0
1106,1427,115,3,23964.0
1107,1428,101,3,8294.0
1108,1429,124,3,46945.0
1109,1429,140,3,44515.0
1110,1429,136,2,22219.0
1111,1430,124,2,46945.0
1112,1431,103,2,30603.0
1113,1431,149,3,497.0
1114,1431,123,1,47623.0
1115,1431,105,3,3604.0
1116,1432,141,1,53670.0
1117,1432,106,1,53215.0
1118,1433,110,3,39653.0
1119,1434,138,1,52962.0
1120,1434,120,3,27036.0
1121,1434,122,3,37805.0
1122,1435,128,2,7692.0
1123,1435,136,3,22219.0
1124,1435,141,1,53670.0
1125,1435,113,3,44717.0
1126,1436,130,2,47017.0
1127,1436,137,1,5231.0
1128,1437,127,3,38923.0
1129,1437,114,1,24238.0
1130,1437,148,3,40845.0
1131,1437,147,2,52383.0
1132,1438,139,2,33270.0
1133,1438,121,2,28973.0
1134,1438,121,1,28973.0
1135,1438,116,3,1936.0
1136,1439,131,2,54701.0
1137,1439,110,3,39653.0
1138,1439,134,3,38859.0
1139,1440,109,1,46876.0
1140,1440,111,2,17975.0
1141,1441,117,3,20380.0
1142,1441,125,3,1154.0
1143,1442,137,2,5231.0
1144,1443,101,3,8294.0
1145,1444,136,1,22219.0
1146,1445,124,2,46945.0
1147,1446,115,3,23964.0
1148,1446,106,1,53215.0
1149,1446,147,3,52383.0
1150,1446,139,1,33270.0
1151,1447,117,2,20380.0
1152,1447,141,1,53670.0
1153,1448,113,2,44717.0
1154,1449,120,1,27036.0
1155,1449,103,1,30603.0
1156,1450,149,3,497.0
1157,1450,145,3,2627.0
1158,1450,101,1,8294.0
1159,1451,126,3,24848.0
1160,1451,136,2,22219.0
1161,1451,149,3,497.0
1162,1452,135,2,26609.0
1163,1452,133,2,51159.0
1164,1452,134,1,38859.0
1165,1453,104,3,50947.0
1166,1453,129,3,55980.0
1167,1453,106,1,53215.0
1168,1454,149,3,497.0
1169,1455,101,1,8294.0
1170,1456,116,2,1936.0
1171,1456,140,1,44515.0
1172,1456,148,2,40845.0
1173,1457,119,3,50150.0
1174,1457,143,2,25642.0
1175,1457,125,3,1154.0
1176,1458,144,3,37457.0
1177,1458,102,2,28321.0
1178,1458,137,3,5231.0
1179,1458,114,3,24238.0
1180,1459,116,3,1936.0
1181,1459,119,3,50150.0
1182,1459,118,1,28028.0
1183,1460,112,2,53033.0
1184,1461,111,1,17975.0
1185,1462,112,1,53033.0
1186,1462,106,1,53215.0
1187,1462,105,1,3604.0
1188,1463,114,1,24238.0
1189,1463,133,2,51159.0
1190,1463,148,1,40845.0
1191,1463,119,2,50150.0
1192,1464,102,2,28321.0
1193,1465,139,1,33270.0
1194,1465,113,2,44717.0
1195,1465,107,3,54684.0
1196,1466,114,3,24238.0
1197,1466,119,2,50150.0
1198,1466,129,1,55980.0
1199,1467,118,3,28028.0
1200,1467,110,1,39653.0
1201,1467,108,2,51305.0
1202,1467,129,2,55980.0
1203,1468,102,2,28321.0
1204,1469,105,2,3604.0
1205,1469,141,1,53670.0
1206,1470,126,1,24848.0
1207,1470,149,3,497.0
1208,1471,112,3,53033.0
1209,1472,103,2,30603.0
1210,1472,134,1,38859.0
1211,1472,135,2,26609.0
1212,1473,124,2,46945.0
1213,1473,138,2,52962.0
1214,1473,126,3,24848.0
1215,1473,139,3,33270.0
1216,1474,147,2,52383.0
1217,1475,127,1,38923.0
1218,1475,120,3,27036.0
1219,1475,120,3,27036.0
1220,1475,147,2,52383.0
1221,1476,134,2,38859.0
1222,1476,103,2,30603.0
1223,1477,127,2,38923.0
1224,1477,109,1,46876.0
1225,1477,132,2,21856.0
1226,1478,136,3,22219.0
1227,1479,102,1,28321.0
1228,1479,104,1,50947.0
1229,1479,119,2,50150.0
1230,1479,125,2,1154.0
1231,1480,115,3,23964.0
1232,1481,148,1,40845.0
1233,1481,122,2,37805.0
1234,1482,125,1,1154.0
1235,1482,128,1,7692.0
1236,1483,145,3,2627.0
1237,1484,109,3,46876.0
1238,1485,110,1,39653.0
1239,1486,146,2,41072.0
1240,1487,132,2,21856.0
1241,1487,148,2,40845.0
1242,1487,117,2,20380.0
1243,1487,127,2,38923.0
1244,1488,135,3,26609.0
1245,1488,121,3,28973.0
1246,1489,128,3,7692.0
1247,1490,104,1,50947.0
1248,1490,109,3,46876.0
1249,1490,126,3,24848.0
1250,1491,128,1,7692.0
1251,1491,143,1,25642.0
1252,1491,141,2,53670.0
1253,1491,120,1,27036.0
1254,1492,139,1,33270.0
1255,1492,123,3,47623.0
1256,1492,132,3,21856.0
1257,1492,133,1,51159.0
1258,1493,105,3,3604.0
1259,1493,148,2,40845.0
1260,1494,111,1,17975.0
1261,1494,103,2,30603.0
1262,1494,133,3,51159.0
1263,1494,116,2,1936.0
1264,1495,148,3,40845.0
1265,1495,110,2,39653.0
1266,1496,119,3,50150.0
1267,1496,113,2,44717.0
1268,1497,110,2,39653.0
1269,1497,101,3,8294.0
1270,1497,127,2,38923.0
1271,1498,146,2,41072.0
1272,1498,117,1,20380.0
1273,1498,106,3,53215.0
1274,1498,125,3,1154.0
1275,1499,128,1,7692.0
1276,1500,137,1,5231.0
1277,1500,118,3,28028.0
