order_id,customer_id,order_date,status,total_amount
1001,29,2025-01-22,SHIPPED,217967.0
1002,4,2025-08-26,SHIPPED,124376.0
1003,10,2025-06-07,COMPLETED,130727.0
1004,56,2025-02-07,PENDING,214333.0
1005,17,2025-08-18,PENDING,166279.0
1006,74,2025-12-31,CANCELLED,293213.0
1007,17,2025-02-20,SHIPPED,220032.0
1008,84,2025-09-21,CANCELLED,233888.0
1009,88,2025-10-10,SHIPPED,90419.0
1010,69,2025-01-27,COMPLETED,256595.0
1011,34,2025-08-14,COMPLETED,217250.0
1012,6,2025-10-04,COMPLETED,263831.0
1013,53,2025-10-13,CANCELLED,153915.0
1014,66,2025-04-07,COMPLETED,67325.0
1015,77,2025-10-11,CANCELLED,69440.0
1016,43,2025-11-13,COMPLETED,86998.0
1017,75,2025-10-31,PENDING,254164.0
1018,23,2025-05-27,CANCELLED,49696.0
1019,55,2025-01-04,PENDING,205326.0
1020,80,2025-02-04,COMPLETED,86892.0
1021,95,2025-07-11,COMPLETED,199730.0
1022,75,2025-02-18,COMPLETED,176151.0
1023,16,2025-01-17,CANCELLED,450883.0
1024,8,2025-06-21,PENDING,271863.0
1025,4,2025-08-08,COMPLETED,212132.0
1026,4,2025-06-07,COMPLETED,7881.0
1027,56,2025-02-15,COMPLETED,191522.0
1028,25,2025-01-06,COMPLETED,414852.0
1029,67,2025-04-09,PENDING,120867.0
1030,96,2025-08-21,PENDING,162533.0
1031,67,2025-02-06,CANCELLED,209452.0
1032,27,2025-10-07,CANCELLED,46945.0
1033,93,2025-12-15,SHIPPED,92803.0
1034,32,2025-10-29,SHIPPED,236624.0
1035,50,2025-06-30,COMPLETED,208868.0
1036,61,2025-04-05,COMPLETED,298419.0
1037,51,2025-04-09,CANCELLED,191632.0
1038,19,2025-07-07,PENDING,104766.0
1039,21,2025-04-26,COMPLETED,215022.0
1040,5,2025-07-10,PENDING,15384.0
1041,82,2025-09-10,COMPLETED,156394.0
1042,92,2025-06-10,SHIPPED,145632.0
1043,42,2025-09-13,PENDING,79306.0
1044,61,2025-11-19,COMPLETED,8294.0
1045,22,2025-05-08,COMPLETED,259626.0
1046,21,2025-01-18,SHIPPED,118099.0
1047,70,2025-10-08,COMPLETED,262193.0
1048,1,2025-08-11,SHIPPED,10462.0
1049,5,2025-02-23,COMPLETED,24882.0
1050,12,2025-02-27,COMPLETED,58310.0
1051,90,2025-11-19,COMPLETED,133102.0
1052,46,2025-12-26,COMPLETED,192119.0
1053,34,2025-06-23,SHIPPED,58288.0
1054,49,2025-10-07,COMPLETED,310633.0
1055,78,2025-04-24,COMPLETED,242074.0
1056,90,2025-10-15,CANCELLED,24882.0
1057,45,2025-12-08,COMPLETED,275046.0
1058,27,2025-05-31,COMPLETED,181878.0
1059,73,2025-05-07,SHIPPED,198430.0
1060,26,2025-06-04,SHIPPED,214279.0
1061,47,2025-09-30,COMPLETED,40845.0
1062,86,2025-04-14,SHIPPED,49696.0
1063,56,2025-10-26,PENDING,316833.0
1064,94,2025-09-03,COMPLETED,441772.0
1065,63,2025-06-25,COMPLETED,105924.0
1066,48,2025-02-08,CANCELLED,454354.0
1067,61,2025-06-19,CANCELLED,79153.0
1068,81,2025-09-04,COMPLETED,23964.0
1069,26,2025-01-26,CANCELLED,358110.0
1070,36,2025-12-21,COMPLETED,204167.0
1071,1,2025-11-02,SHIPPED,120378.0
1072,8,2025-01-13,COMPLETED,213771.0
1073,99,2025-11-12,CANCELLED,24848.0
1074,52,2025-11-09,COMPLETED,196871.0
1075,79,2025-02-05,PENDING,194515.0
1076,47,2025-06-22,COMPLETED,151304.0
1077,56,2025-01-20,SHIPPED,23964.0
1078,86,2025-11-17,COMPLETED,267623.0
1079,14,2025-09-21,COMPLETED,174163.0
1080,90,2025-05-22,CANCELLED,157149.0
1081,28,2025-05-23,COMPLETED,104863.0
1082,87,2025-04-02,SHIPPED,404865.0
1083,78,2025-12-20,COMPLETED,299197.0
1084,88,2025-11-18,PENDING,25976.0
1085,2,2025-10-15,CANCELLED,181409.0
1086,26,2025-08-03,COMPLETED,65638.0
1087,14,2025-12-08,SHIPPED,219934.0
1088,59,2025-02-20,CANCELLED,12988.0
1089,56,2025-06-02,COMPLETED,140817.0
1090,7,2025-07-05,COMPLETED,318625.0
1091,3,2025-03-04,SHIPPED,10812.0
1092,23,2025-07-09,COMPLETED,53218.0
1093,18,2025-05-05,COMPLETED,28973.0
1094,38,2025-05-30,PENDING,112737.0
1095,99,2025-11-10,CANCELLED,230251.0
1096,15,2025-02-27,COMPLETED,232249.0
1097,64,2025-12-08,CANCELLED,53925.0
1098,89,2025-11-01,COMPLETED,396602.0
1099,28,2025-06-29,CANCELLED,41072.0
1100,74,2025-06-19,COMPLETED,66657.0
1101,39,2025-11-22,COMPLETED,51305.0
1102,57,2025-09-28,CANCELLED,87479.0
1103,17,2025-02-23,PENDING,237888.0
1104,86,2025-04-11,SHIPPED,205093.0
1105,90,2025-09-21,COMPLETED,181094.0
1106,44,2025-02-22,SHIPPED,191167.0
1107,25,2025-03-01,COMPLETED,167940.0
1108,17,2025-04-18,PENDING,52825.0
1109,13,2025-01-05,SHIPPED,193928.0
1110,84,2025-04-13,COMPLETED,180303.0
1111,25,2025-07-15,COMPLETED,100239.0
1112,68,2025-09-19,COMPLETED,143887.0
1113,10,2025-12-31,CANCELLED,46876.0
1114,67,2025-12-16,PENDING,258346.0
1115,18,2025-02-16,COMPLETED,320988.0
1116,100,2025-12-21,COMPLETED,276479.0
1117,86,2025-11-07,CANCELLED,53218.0
1118,34,2025-11-04,CANCELLED,190499.0
1119,8,2025-05-24,COMPLETED,256845.0
1120,40,2025-09-26,COMPLETED,88129.0
1121,83,2025-05-04,PENDING,154631.0
1122,42,2025-04-16,COMPLETED,20460.0
1123,41,2025-06-07,COMPLETED,199149.0
1124,6,2025-05-27,COMPLETED,44717.0
1125,52,2025-05-25,SHIPPED,90164.0
1126,26,2025-04-30,COMPLETED,213382.0
1127,64,2025-11-15,SHIPPED,217490.0
1128,98,2025-10-02,SHIPPED,252633.0
1129,59,2025-04-02,CANCELLED,56642.0
1130,56,2025-02-27,COMPLETED,354881.0
1131,59,2025-12-12,COMPLETED,167573.0
1132,70,2025-08-17,PENDING,199292.0
1133,33,2025-04-27,PENDING,33270.0
1134,53,2025-11-14,COMPLETED,206498.0
1135,22,2025-10-06,COMPLETED,93329.0
1136,21,2025-05-07,PENDING,63850.0
1137,70,2025-05-09,COMPLETED,274778.0
1138,70,2025-02-27,COMPLETED,99510.0
1139,4,2025-05-02,SHIPPED,30655.0
1140,94,2025-01-01,COMPLETED,21856.0
1141,75,2025-08-27,CANCELLED,138106.0
1142,62,2025-10-17,COMPLETED,376893.0
1143,62,2025-04-06,COMPLETED,102663.0
1144,94,2025-05-06,COMPLETED,20380.0
1145,95,2025-04-28,COMPLETED,16588.0
1146,24,2025-02-17,COMPLETED,210754.0
1147,55,2025-03-30,CANCELLED,178346.0
1148,9,2025-08-25,COMPLETED,167252.0
1149,3,2025-09-29,COMPLETED,336715.0
1150,31,2025-07-08,COMPLETED,245848.0
1151,40,2025-07-11,COMPLETED,278735.0
1152,36,2025-03-10,COMPLETED,7208.0
1153,24,2025-10-05,CANCELLED,202598.0
1154,95,2025-12-15,COMPLETED,237226.0
1155,6,2025-09-04,COMPLETED,156558.0
1156,66,2025-03-17,COMPLETED,39653.0
1157,84,2025-06-03,COMPLETED,358414.0
1158,92,2025-05-24,COMPLETED,192656.0
1159,75,2025-03-27,COMPLETED,228897.0
1160,4,2025-07-04,CANCELLED,75610.0
1161,79,2025-10-12,PENDING,258622.0
1162,6,2025-08-08,PENDING,191069.0
1163,94,2025-03-10,COMPLETED,89434.0
1164,51,2025-02-16,SHIPPED,102610.0
1165,62,2025-04-04,SHIPPED,367337.0
1166,57,2025-08-26,COMPLETED,97126.0
1167,66,2025-07-23,PENDING,127872.0
1168,79,2025-08-06,COMPLETED,211726.0
1169,75,2025-12-07,CANCELLED,179119.0
1170,8,2025-02-08,PENDING,362220.0
1171,26,2025-04-10,COMPLETED,15693.0
1172,51,2025-10-16,COMPLETED,95972.0
1173,45,2025-09-11,COMPLETED,296142.0
1174,44,2025-08-10,CANCELLED,123216.0
1175,5,2025-12-23,COMPLETED,225268.0
1176,70,2025-01-23,COMPLETED,102729.0
1177,26,2025-09-07,COMPLETED,63097.0
1178,68,2025-01-10,COMPLETED,81108.0
1179,19,2025-09-03,PENDING,487051.0
1180,84,2025-11-21,SHIPPED,101894.0
1181,97,2025-04-10,COMPLETED,255171.0
1182,20,2025-10-17,CANCELLED,79306.0
1183,12,2025-06-29,COMPLETED,53574.0
1184,47,2025-08-11,CANCELLED,174343.0
1185,1,2025-09-07,SHIPPED,440268.0
1186,90,2025-05-27,SHIPPED,317237.0
1187,14,2025-04-06,COMPLETED,217065.0
1188,64,2025-09-14,COMPLETED,110554.0
1189,38,2025-11-21,COMPLETED,353377.0
1190,37,2025-01-04,PENDING,206619.0
1191,11,2025-01-16,COMPLETED,24848.0
1192,100,2025-10-07,COMPLETED,79306.0
1193,77,2025-12-02,COMPLETED,140399.0
1194,3,2025-09-04,CANCELLED,7881.0
1195,33,2025-09-15,COMPLETED,100300.0
1196,6,2025-06-09,COMPLETED,90979.0
1197,50,2025-12-06,COMPLETED,39653.0
1198,10,2025-06-01,COMPLETED,334743.0
1199,5,2025-06-27,CANCELLED,247551.0
1200,23,2025-06-12,SHIPPED,268946.0
1201,10,2025-02-02,COMPLETED,204092.0
1202,44,2025-06-28,SHIPPED,89434.0
1203,2,2025-04-11,CANCELLED,193247.0
1204,13,2025-09-25,COMPLETED,101894.0
1205,40,2025-11-19,COMPLETED,116769.0
1206,2,2025-03-06,COMPLETED,113496.0
1207,84,2025-06-17,COMPLETED,371012.0
1208,65,2025-11-26,CANCELLED,10462.0
1209,63,2025-02-12,COMPLETED,28028.0
1210,73,2025-02-13,SHIPPED,250927.0
1211,17,2025-10-12,PENDING,28973.0
1212,9,2025-01-12,COMPLETED,53670.0
1213,75,2025-04-05,COMPLETED,165829.0
1214,15,2025-10-29,COMPLETED,211519.0
1215,24,2025-09-10,COMPLETED,77718.0
1216,38,2025-08-30,COMPLETED,239575.0
1217,35,2025-02-04,SHIPPED,121003.0
1218,94,2025-08-03,COMPLETED,85615.0
1219,95,2025-12-03,PENDING,398858.0
1220,49,2025-03-31,PENDING,337282.0
1221,69,2025-09-21,CANCELLED,259824.0
1222,62,2025-04-03,COMPLETED,221873.0
1223,60,2025-03-31,COMPLETED,122736.0
1224,50,2025-04-25,CANCELLED,103272.0
1225,78,2025-04-15,COMPLETED,87738.0
1226,75,2025-07-15,COMPLETED,179590.0
1227,9,2025-11-10,PENDING,153915.0
1228,34,2025-04-24,COMPLETED,157149.0
1229,76,2025-03-16,PENDING,378238.0
1230,99,2025-08-05,CANCELLED,91809.0
1231,35,2025-10-04,SHIPPED,102443.0
1232,1,2025-09-06,COMPLETED,127335.0
1233,40,2025-06-13,CANCELLED,132294.0
1234,64,2025-12-23,COMPLETED,103713.0
1235,22,2025-07-11,COMPLETED,77718.0
1236,60,2025-08-15,CANCELLED,203026.0
1237,64,2025-06-26,COMPLETED,30603.0
1238,93,2025-04-09,PENDING,70508.0
1239,72,2025-02-05,SHIPPED,105924.0
1240,11,2025-04-06,COMPLETED,86100.0
1241,14,2025-06-01,COMPLETED,208818.0
1242,60,2025-05-31,COMPLETED,106775.0
1243,30,2025-07-09,COMPLETED,161600.0
1244,35,2025-08-12,SHIPPED,214441.0
1245,85,2025-02-06,COMPLETED,98501.0
1246,37,2025-09-25,CANCELLED,288920.0
1247,5,2025-07-02,CANCELLED,27036.0
1248,83,2025-01-13,COMPLETED,366423.0
1249,78,2025-10-06,COMPLETED,191282.0
1250,26,2025-08-05,COMPLETED,358863.0
1251,62,2025-12-21,SHIPPED,159645.0
1252,4,2025-12-27,PENDING,302859.0
1253,89,2025-10-13,CANCELLED,124829.0
1254,42,2025-09-30,SHIPPED,200050.0
1255,89,2025-03-03,COMPLETED,89030.0
1256,18,2025-03-25,CANCELLED,196691.0
1257,40,2025-08-05,SHIPPED,234572.0
1258,72,2025-12-08,CANCELLED,427482.0
1259,39,2025-07-06,PENDING,168871.0
1260,14,2025-01-19,COMPLETED,44584.0
1261,32,2025-06-26,PENDING,311380.0
1262,51,2025-04-10,COMPLETED,82144.0
1263,38,2025-08-21,COMPLETED,1936.0
1264,97,2025-03-17,SHIPPED,160093.0
1265,23,2025-09-22,COMPLETED,198036.0
1266,63,2025-10-11,PENDING,245143.0
1267,15,2025-07-25,CANCELLED,38859.0
1268,97,2025-08-11,COMPLETED,375862.0
1269,25,2025-02-21,SHIPPED,100300.0
1270,17,2025-12-05,COMPLETED,377377.0
1271,97,2025-05-24,COMPLETED,298521.0
1272,66,2025-03-10,CANCELLED,430086.0
1273,78,2025-04-09,SHIPPED,22688.0
1274,53,2025-01-25,SHIPPED,292167.0
1275,51,2025-02-22,COMPLETED,53218.0
1276,39,2025-05-31,PENDING,112598.0
1277,51,2025-05-24,COMPLETED,1988.0
1278,70,2025-02-26,SHIPPED,130153.0
1279,6,2025-02-08,CANCELLED,104954.0
1280,67,2025-04-19,COMPLETED,205656.0
1281,7,2025-06-30,COMPLETED,33270.0
1282,51,2025-02-11,CANCELLED,361623.0
1283,72,2025-07-05,SHIPPED,133545.0
1284,42,2025-08-11,COMPLETED,100031.0
1285,64,2025-05-02,COMPLETED,96834.0
1286,15,2025-05-13,COMPLETED,205657.0
1287,29,2025-06-12,PENDING,310613.0
1288,33,2025-08-03,PENDING,150450.0
1289,94,2025-08-09,COMPLETED,237337.0
1290,27,2025-08-23,COMPLETED,153261.0
1291,36,2025-11-27,CANCELLED,95352.0
1292,29,2025-05-26,CANCELLED,116071.0
1293,38,2025-08-27,CANCELLED,173166.0
1294,57,2025-03-17,COMPLETED,320402.0
1295,97,2025-01-09,PENDING,90675.0
1296,27,2025-03-15,SHIPPED,54701.0
1297,55,2025-09-10,SHIPPED,151191.0
1298,33,2025-08-18,COMPLETED,273443.0
1299,68,2025-01-07,SHIPPED,418764.0
1300,86,2025-06-23,CANCELLED,245625.0
1301,66,2025-05-21,COMPLETED,216390.0
1302,10,2025-06-17,COMPLETED,79306.0
1303,5,2025-06-19,PENDING,332797.0
1304,74,2025-10-10,PENDING,52962.0
1305,97,2025-05-02,COMPLETED,158801.0
1306,38,2025-07-13,PENDING,141051.0
1307,13,2025-01-05,CANCELLED,197715.0
1308,31,2025-01-29,SHIPPED,115890.0
1309,47,2025-06-14,CANCELLED,183609.0
1310,100,2025-12-05,COMPLETED,23450.0
1311,88,2025-05-16,CANCELLED,259709.0
1312,52,2025-12-31,SHIPPED,134151.0
1313,56,2025-11-17,COMPLETED,115039.0
1314,15,2025-12-08,COMPLETED,53670.0
1315,29,2025-05-25,COMPLETED,38859.0
1316,8,2025-11-23,COMPLETED,204075.0
1317,5,2025-08-05,COMPLETED,22353.0
1318,29,2025-10-28,COMPLETED,149828.0
1319,47,2025-05-12,COMPLETED,224668.0
1320,68,2025-10-19,COMPLETED,317385.0
1321,76,2025-03-11,COMPLETED,61140.0
1322,45,2025-09-09,SHIPPED,233366.0
1323,2,2025-10-02,CANCELLED,222960.0
1324,27,2025-12-30,CANCELLED,269447.0
1325,95,2025-07-01,SHIPPED,53925.0
1326,36,2025-06-16,COMPLETED,218850.0
1327,36,2025-04-01,COMPLETED,100300.0
1328,26,2025-07-21,COMPLETED,278162.0
1329,43,2025-12-12,PENDING,250623.0
1330,27,2025-01-19,COMPLETED,180225.0
1331,69,2025-02-08,COMPLETED,283257.0
1332,20,2025-05-06,CANCELLED,51305.0
1333,11,2025-06-22,COMPLETED,20380.0
1334,74,2025-05-21,COMPLETED,65568.0
1335,38,2025-08-30,COMPLETED,267256.0
1336,6,2025-08-08,COMPLETED,164103.0
1337,72,2025-05-06,COMPLETED,311904.0
1338,23,2025-02-27,SHIPPED,407024.0
1339,47,2025-05-28,COMPLETED,204401.0
1340,90,2025-11-13,COMPLETED,172346.0
1341,46,2025-12-27,COMPLETED,24882.0
1342,12,2025-01-01,SHIPPED,44717.0
1343,90,2025-12-14,CANCELLED,384018.0
1344,13,2025-07-09,CANCELLED,77718.0
1345,62,2025-07-10,COMPLETED,211296.0
1346,82,2025-11-08,COMPLETED,109319.0
1347,89,2025-04-27,PENDING,150450.0
1348,97,2025-05-14,SHIPPED,48387.0
1349,60,2025-02-27,CANCELLED,138232.0
1350,43,2025-02-13,COMPLETED,243553.0
1351,76,2025-06-22,COMPLETED,218131.0
1352,100,2025-06-09,COMPLETED,33270.0
1353,68,2025-06-22,COMPLETED,160351.0
1354,5,2025-11-13,COMPLETED,107159.0
1355,37,2025-10-30,PENDING,218990.0
1356,72,2025-05-29,CANCELLED,258767.0
1357,92,2025-03-21,COMPLETED,191998.0
1358,31,2025-08-01,COMPLETED,363747.0
1359,9,2025-07-22,COMPLETED,74031.0
1360,51,2025-09-09,COMPLETED,224208.0
1361,29,2025-08-17,PENDING,155030.0
1362,78,2025-06-13,COMPLETED,303766.0
1363,40,2025-08-15,COMPLETED,290238.0
1364,41,2025-05-27,COMPLETED,50150.0
1365,86,2025-01-20,CANCELLED,127766.0
1366,11,2025-02-16,COMPLETED,151226.0
1367,23,2025-08-21,COMPLETED,292424.0
1368,1,2025-11-01,COMPLETED,5231.0
1369,46,2025-01-14,PENDING,222695.0
1370,21,2025-05-23,SHIPPED,226933.0
1371,90,2025-01-01,COMPLETED,267501.0
1372,36,2025-02-23,CANCELLED,376859.0
1373,54,2025-09-16,COMPLETED,95688.0
1374,87,2025-05-24,COMPLETED,107647.0
1375,57,2025-01-12,SHIPPED,38859.0
1376,1,2025-11-26,CANCELLED,297016.0
1377,63,2025-08-12,PENDING,218967.0
1378,54,2025-09-29,CANCELLED,39653.0
1379,55,2025-12-24,PENDING,282330.0
1380,40,2025-06-05,CANCELLED,159719.0
1381,15,2025-01-08,CANCELLED,91809.0
1382,21,2025-05-02,COMPLETED,87705.0
1383,47,2025-12-14,COMPLETED,76886.0
1384,73,2025-06-13,CANCELLED,244631.0
1385,53,2025-03-31,SHIPPED,245521.0
1386,9,2025-05-16,CANCELLED,236793.0
1387,74,2025-07-05,COMPLETED,22219.0
1388,52,2025-11-12,COMPLETED,258590.0
1389,57,2025-06-27,COMPLETED,267410.0
1390,26,2025-01-28,COMPLETED,53670.0
1391,41,2025-08-08,COMPLETED,110751.0
1392,35,2025-12-23,CANCELLED,155344.0
1393,63,2025-02-10,CANCELLED,156586.0
1394,25,2025-08-16,COMPLETED,10189.0
1395,90,2025-07-11,SHIPPED,362735.0
1396,75,2025-05-25,COMPLETED,206950.0
1397,38,2025-07-20,PENDING,292941.0
1398,2,2025-07-31,COMPLETED,377781.0
1399,7,2025-08-08,COMPLETED,246688.0
1400,82,2025-08-28,COMPLETED,89548.0
1401,91,2025-02-15,COMPLETED,291065.0
1402,34,2025-02-04,CANCELLED,188031.0
1403,91,2025-09-10,COMPLETED,392947.0
1404,17,2025-03-23,CANCELLED,164330.0
1405,43,2025-09-13,COMPLETED,256374.0
1406,59,2025-07-16,CANCELLED,202537.0
1407,51,2025-10-30,COMPLETED,38859.0
1408,54,2025-01-10,PENDING,146091.0
1409,24,2025-11-08,COMPLETED,304629.0
1410,25,2025-10-13,SHIPPED,125147.0
1411,71,2025-08-30,PENDING,47919.0
1412,52,2025-09-08,CANCELLED,219024.0
1413,70,2025-12-31,COMPLETED,230643.0
1414,88,2025-01-05,CANCELLED,30603.0
1415,33,2025-04-29,COMPLETED,39653.0
1416,49,2025-10-16,COMPLETED,86140.0
1417,29,2025-03-06,COMPLETED,54684.0
1418,63,2025-05-26,COMPLETED,194696.0
1419,22,2025-08-12,COMPLETED,130112.0
1420,26,2025-08-27,COMPLETED,201361.0
1421,28,2025-06-26,CANCELLED,126840.0
1422,85,2025-09-24,SHIPPED,69172.0
1423,49,2025-12-07,COMPLETED,92529.0
1424,71,2025-10-09,PENDING,253947.0
1425,81,2025-03-04,COMPLETED,375881.0
1426,84,2025-08-05,SHIPPED,230286.0
1427,49,2025-12-08,CANCELLED,382332.0
1428,20,2025-11-11,CANCELLED,24882.0
1429,86,2025-10-10,PENDING,318818.0
1430,92,2025-06-26,COMPLETED,93890.0
1431,63,2025-04-08,CANCELLED,121132.0
1432,61,2025-04-15,SHIPPED,106885.0
1433,49,2025-04-09,COMPLETED,118959.0
1434,71,2025-11-07,COMPLETED,247485.0
1435,1,2025-01-06,COMPLETED,269862.0
1436,96,2025-07-16,COMPLETED,99265.0
1437,13,2025-12-17,COMPLETED,368308.0
1438,94,2025-05-13,PENDING,159267.0
1439,87,2025-12-24,CANCELLED,344938.0
1440,51,2025-09-16,COMPLETED,82826.0
1441,56,2025-01-23,SHIPPED,64602.0
1442,83,2025-02-22,COMPLETED,10462.0
1443,62,2025-06-14,SHIPPED,24882.0
1444,32,2025-07-21,COMPLETED,22219.0
1445,30,2025-03-24,COMPLETED,93890.0
1446,29,2025-05-25,COMPLETED,315526.0
1447,49,2025-03-26,PENDING,94430.0
1448,45,2025-03-19,PENDING,89434.0
1449,93,2025-01-01,SHIPPED,57639.0
1450,30,2025-02-20,CANCELLED,17666.0
1451,16,2025-06-22,CANCELLED,120473.0
1452,40,2025-07-24,SHIPPED,194395.0
1453,19,2025-09-17,PENDING,373996.0
1454,18,2025-10-15,PENDING,1491.0
1455,1,2025-02-03,PENDING,8294.0
1456,78,2025-12-14,COMPLETED,130077.0
1457,47,2025-04-05,PENDING,205196.0
1458,66,2025-03-13,COMPLETED,257420.0
1459,92,2025-02-08,COMPLETED,184286.0
1460,94,2025-06-03,PENDING,106066.0
1461,38,2025-09-07,SHIPPED,17975.0
1462,51,2025-06-11,COMPLETED,109852.0
1463,63,2025-04-28,COMPLETED,267701.0
1464,4,2025-09-16,SHIPPED,56642.0
1465,1,2025-11-02,COMPLETED,286756.0
1466,8,2025-09-25,SHIPPED,228994.0
1467,29,2025-02-23,COMPLETED,338307.0
1468,55,2025-08-24,COMPLETED,56642.0
1469,3,2025-08-10,COMPLETED,60878.0
1470,32,2025-09-08,COMPLETED,26339.0
1471,10,2025-11-09,SHIPPED,159099.0
1472,74,2025-04-22,CANCELLED,153283.0
1473,83,2025-09-12,PENDING,374168.0
1474,34,2025-10-30,PENDING,104766.0
1475,97,2025-07-26,COMPLETED,305905.0
1476,87,2025-08-17,COMPLETED,138924.0
1477,55,2025-12-07,PENDING,168434.0
1478,92,2025-03-07,CANCELLED,66657.0
1479,32,2025-03-16,PENDING,181876.0
1480,50,2025-04-13,CANCELLED,71892.0
1481,7,2025-07-11,COMPLETED,116455.0
1482,93,2025-09-09,COMPLETED,8846.0
1483,8,2025-08-14,SHIPPED,7881.0
1484,65,2025-10-21,COMPLETED,140628.0
1485,57,2025-11-02,COMPLETED,39653.0
1486,67,2025-04-08,COMPLETED,82144.0
1487,88,2025-12-04,COMPLETED,244008.0
1488,87,2025-10-13,COMPLETED,166746.0
1489,59,2025-12-01,SHIPPED,23076.0
1490,72,2025-12-13,COMPLETED,266119.0
1491,54,2025-11-04,CANCELLED,167710.0
1492,67,2025-09-06,PENDING,292866.0
1493,51,2025-06-15,COMPLETED,92502.0
1494,97,2025-12-01,COMPLETED,236530.0
1495,92,2025-01-30,CANCELLED,201841.0
1496,8,2025-09-04,COMPLETED,239884.0
1497,34,2025-04-16,CANCELLED,182034.0
1498,35,2025-02-20,CANCELLED,265631.0
1499,96,2025-03-22,COMPLETED,7692.0
1500,88,2025-05-13,PENDING,89315.0
