payment_id,order_id,payment_date,amount,payment_status
1,1001,2025-01-22,217967.0,SUCCESS
2,1002,2025-08-27,124376.0,SUCCESS
3,1003,2025-06-07,130727.0,SUCCESS
4,1004,2025-02-08,214333.0,PENDING
5,1005,2025-08-20,166279.0,PENDING
6,1006,2026-01-02,293213.0,REFUNDED
7,1007,2025-02-21,220032.0,SUCCESS
8,1008,2025-09-22,233888.0,REFUNDED
9,1009,2025-10-11,90419.0,SUCCESS
10,1010,2025-01-29,256595.0,SUCCESS
11,1011,2025-08-14,217250.0,SUCCESS
12,1012,2025-10-06,263831.0,SUCCESS
13,1013,2025-10-14,153915.0,REFUNDED
14,1014,2025-04-08,67325.0,SUCCESS
15,1015,2025-10-13,69440.0,REFUNDED
16,1016,2025-11-14,86998.0,SUCCESS
17,1017,2025-11-02,254164.0,PENDING
18,1018,2025-05-28,49696.0,REFUNDED
19,1019,2025-01-04,205326.0,PENDING
20,1020,2025-02-04,86892.0,SUCCESS
21,1021,2025-07-12,199730.0,SUCCESS
22,1022,2025-02-20,176151.0,SUCCESS
23,1023,2025-01-17,450883.0,REFUNDED
24,1024,2025-06-23,271863.0,PENDING
25,1025,2025-08-09,212132.0,SUCCESS
26,1026,2025-06-09,7881.0,SUCCESS
27,1027,2025-02-15,191522.0,SUCCESS
28,1028,2025-01-08,414852.0,SUCCESS
29,1029,2025-04-11,120867.0,PENDING
30,1030,2025-08-22,162533.0,PENDING
31,1031,2025-02-07,209452.0,REFUNDED
32,1032,2025-10-08,46945.0,REFUNDED
33,1033,2025-12-15,92803.0,SUCCESS
34,1034,2025-10-29,236624.0,SUCCESS
35,1035,2025-07-01,208868.0,SUCCESS
36,1036,2025-04-06,298419.0,SUCCESS
37,1037,2025-04-09,191632.0,REFUNDED
38,1038,2025-07-07,104766.0,PENDING
39,1039,2025-04-26,215022.0,SUCCESS
40,1040,2025-07-10,15384.0,PENDING
41,1041,2025-09-11,156394.0,SUCCESS
42,1042,2025-06-10,145632.0,SUCCESS
43,1043,2025-09-14,79306.0,PENDING
44,1044,2025-11-21,8294.0,SUCCESS
45,1045,2025-05-10,259626.0,SUCCESS
46,1046,2025-01-18,118099.0,SUCCESS
47,1047,2025-10-10,262193.0,SUCCESS
48,1048,2025-08-13,10462.0,SUCCESS
49,1049,2025-02-25,24882.0,SUCCESS
50,1050,2025-02-27,58310.0,SUCCESS
51,1051,2025-11-19,133102.0,SUCCESS
52,1052,2025-12-28,192119.0,SUCCESS
53,1053,2025-06-24,58288.0,SUCCESS
54,1054,2025-10-09,310633.0,SUCCESS
55,1055,2025-04-24,242074.0,SUCCESS
56,1056,2025-10-15,24882.0,REFUNDED
57,1057,2025-12-08,275046.0,SUCCESS
58,1058,2025-06-02,181878.0,SUCCESS
59,1059,2025-05-08,198430.0,SUCCESS
60,1060,2025-06-04,214279.0,SUCCESS
61,1061,2025-09-30,40845.0,SUCCESS
62,1062,2025-04-16,49696.0,SUCCESS
63,1063,2025-10-27,316833.0,PENDING
64,1064,2025-09-05,441772.0,SUCCESS
65,1065,2025-06-25,105924.0,SUCCESS
66,1066,2025-02-09,454354.0,REFUNDED
67,1067,2025-06-20,79153.0,REFUNDED
68,1068,2025-09-04,23964.0,SUCCESS
69,1069,2025-01-27,358110.0,REFUNDED
70,1070,2025-12-22,204167.0,SUCCESS
71,1071,2025-11-04,120378.0,SUCCESS
72,1072,2025-01-13,213771.0,SUCCESS
73,1073,2025-11-12,24848.0,REFUNDED
74,1074,2025-11-09,196871.0,SUCCESS
75,1075,2025-02-05,194515.0,PENDING
76,1076,2025-06-22,151304.0,SUCCESS
77,1077,2025-01-21,23964.0,SUCCESS
78,1078,2025-11-19,267623.0,SUCCESS
79,1079,2025-09-21,174163.0,SUCCESS
80,1080,2025-05-24,157149.0,REFUNDED
81,1081,2025-05-25,104863.0,SUCCESS
82,1082,2025-04-03,404865.0,SUCCESS
83,1083,2025-12-20,299197.0,SUCCESS
84,1084,2025-11-19,25976.0,PENDING
85,1085,2025-10-15,181409.0,REFUNDED
86,1086,2025-08-04,65638.0,SUCCESS
87,1087,2025-12-10,219934.0,SUCCESS
88,1088,2025-02-20,12988.0,REFUNDED
89,1089,2025-06-04,140817.0,SUCCESS
90,1090,2025-07-07,318625.0,SUCCESS
91,1091,2025-03-05,10812.0,SUCCESS
92,1092,2025-07-09,53218.0,SUCCESS
93,1093,2025-05-07,28973.0,SUCCESS
94,1094,2025-05-31,112737.0,PENDING
95,1095,2025-11-10,230251.0,REFUNDED
96,1096,2025-02-27,232249.0,SUCCESS
97,1097,2025-12-10,53925.0,REFUNDED
98,1098,2025-11-01,396602.0,SUCCESS
99,1099,2025-07-01,41072.0,REFUNDED
100,1100,2025-06-19,66657.0,SUCCESS
101,1101,2025-11-23,51305.0,SUCCESS
102,1102,2025-09-30,87479.0,REFUNDED
103,1103,2025-02-25,237888.0,PENDING
104,1104,2025-04-11,205093.0,SUCCESS
105,1105,2025-09-21,181094.0,SUCCESS
106,1106,2025-02-24,191167.0,SUCCESS
107,1107,2025-03-01,167940.0,SUCCESS
108,1108,2025-04-19,52825.0,PENDING
109,1109,2025-01-05,193928.0,SUCCESS
110,1110,2025-04-14,180303.0,SUCCESS
111,1111,2025-07-16,100239.0,SUCCESS
112,1112,2025-09-20,143887.0,SUCCESS
113,1113,2026-01-01,46876.0,REFUNDED
114,1114,2025-12-17,258346.0,PENDING
115,1115,2025-02-16,320988.0,SUCCESS
116,1116,2025-12-22,276479.0,SUCCESS
117,1117,2025-11-07,53218.0,REFUNDED
118,1118,2025-11-05,190499.0,REFUNDED
119,1119,2025-05-26,256845.0,SUCCESS
120,1120,2025-09-27,88129.0,SUCCESS
121,1121,2025-05-06,154631.0,PENDING
122,1122,2025-04-17,20460.0,SUCCESS
123,1123,2025-06-08,199149.0,SUCCESS
124,1124,2025-05-28,44717.0,SUCCESS
125,1125,2025-05-27,90164.0,SUCCESS
126,1126,2025-05-02,213382.0,SUCCESS
127,1127,2025-11-16,217490.0,SUCCESS
128,1128,2025-10-02,252633.0,SUCCESS
129,1129,2025-04-03,56642.0,REFUNDED
130,1130,2025-03-01,354881.0,SUCCESS
131,1131,2025-12-13,167573.0,SUCCESS
132,1132,2025-08-19,199292.0,PENDING
133,1133,2025-04-29,33270.0,PENDING
134,1134,2025-11-16,206498.0,SUCCESS
135,1135,2025-10-07,93329.0,SUCCESS
136,1136,2025-05-09,63850.0,PENDING
137,1137,2025-05-11,274778.0,SUCCESS
138,1138,2025-02-28,99510.0,SUCCESS
139,1139,2025-05-04,30655.0,SUCCESS
140,1140,2025-01-02,21856.0,SUCCESS
141,1141,2025-08-29,138106.0,REFUNDED
142,1142,2025-10-17,376893.0,SUCCESS
143,1143,2025-04-06,102663.0,SUCCESS
144,1144,2025-05-08,20380.0,SUCCESS
145,1145,2025-04-28,16588.0,SUCCESS
146,1146,2025-02-18,210754.0,SUCCESS
147,1147,2025-03-30,178346.0,REFUNDED
148,1148,2025-08-27,167252.0,SUCCESS
149,1149,2025-10-01,336715.0,SUCCESS
150,1150,2025-07-09,245848.0,SUCCESS
151,1151,2025-07-13,278735.0,SUCCESS
152,1152,2025-03-11,7208.0,SUCCESS
153,1153,2025-10-05,202598.0,REFUNDED
154,1154,2025-12-15,237226.0,SUCCESS
155,1155,2025-09-05,156558.0,SUCCESS
156,1156,2025-03-18,39653.0,SUCCESS
157,1157,2025-06-05,358414.0,SUCCESS
158,1158,2025-05-24,192656.0,SUCCESS
159,1159,2025-03-28,228897.0,SUCCESS
160,1160,2025-07-04,75610.0,REFUNDED
161,1161,2025-10-13,258622.0,PENDING
162,1162,2025-08-08,191069.0,PENDING
163,1163,2025-03-12,89434.0,SUCCESS
164,1164,2025-02-16,102610.0,SUCCESS
165,1165,2025-04-04,367337.0,SUCCESS
166,1166,2025-08-26,97126.0,SUCCESS
167,1167,2025-07-23,127872.0,PENDING
168,1168,2025-08-06,211726.0,SUCCESS
169,1169,2025-12-09,179119.0,REFUNDED
170,1170,2025-02-09,362220.0,PENDING
171,1171,2025-04-10,15693.0,SUCCESS
172,1172,2025-10-18,95972.0,SUCCESS
173,1173,2025-09-11,296142.0,SUCCESS
174,1174,2025-08-10,123216.0,REFUNDED
175,1175,2025-12-24,225268.0,SUCCESS
176,1176,2025-01-23,102729.0,SUCCESS
177,1177,2025-09-09,63097.0,SUCCESS
178,1178,2025-01-12,81108.0,SUCCESS
179,1179,2025-09-04,487051.0,PENDING
180,1180,2025-11-21,101894.0,SUCCESS
181,1181,2025-04-12,255171.0,SUCCESS
182,1182,2025-10-17,79306.0,REFUNDED
183,1183,2025-06-29,53574.0,SUCCESS
184,1184,2025-08-11,174343.0,REFUNDED
185,1185,2025-09-08,440268.0,SUCCESS
186,1186,2025-05-27,317237.0,SUCCESS
187,1187,2025-04-08,217065.0,SUCCESS
188,1188,2025-09-14,110554.0,SUCCESS
189,1189,2025-11-23,353377.0,SUCCESS
190,1190,2025-01-04,206619.0,PENDING
191,1191,2025-01-18,24848.0,SUCCESS
192,1192,2025-10-09,79306.0,SUCCESS
193,1193,2025-12-02,140399.0,SUCCESS
194,1194,2025-09-04,7881.0,REFUNDED
195,1195,2025-09-17,100300.0,SUCCESS
196,1196,2025-06-10,90979.0,SUCCESS
197,1197,2025-12-06,39653.0,SUCCESS
198,1198,2025-06-02,334743.0,SUCCESS
199,1199,2025-06-27,247551.0,REFUNDED
200,1200,2025-06-12,268946.0,SUCCESS
201,1201,2025-02-02,204092.0,SUCCESS
202,1202,2025-06-28,89434.0,SUCCESS
203,1203,2025-04-12,193247.0,REFUNDED
204,1204,2025-09-25,101894.0,SUCCESS
205,1205,2025-11-21,116769.0,SUCCESS
206,1206,2025-03-08,113496.0,SUCCESS
207,1207,2025-06-18,371012.0,SUCCESS
208,1208,2025-11-26,10462.0,REFUNDED
209,1209,2025-02-14,28028.0,SUCCESS
210,1210,2025-02-14,250927.0,SUCCESS
211,1211,2025-10-12,28973.0,PENDING
212,1212,2025-01-14,53670.0,SUCCESS
213,1213,2025-04-07,165829.0,SUCCESS
214,1214,2025-10-30,211519.0,SUCCESS
215,1215,2025-09-10,77718.0,SUCCESS
216,1216,2025-08-30,239575.0,SUCCESS
217,1217,2025-02-06,121003.0,SUCCESS
218,1218,2025-08-05,85615.0,SUCCESS
219,1219,2025-12-05,398858.0,PENDING
220,1220,2025-03-31,337282.0,PENDING
221,1221,2025-09-22,259824.0,REFUNDED
222,1222,2025-04-04,221873.0,SUCCESS
223,1223,2025-03-31,122736.0,SUCCESS
224,1224,2025-04-26,103272.0,REFUNDED
225,1225,2025-04-17,87738.0,SUCCESS
226,1226,2025-07-16,179590.0,SUCCESS
227,1227,2025-11-11,153915.0,PENDING
228,1228,2025-04-25,157149.0,SUCCESS
229,1229,2025-03-18,378238.0,PENDING
230,1230,2025-08-05,91809.0,REFUNDED
231,1231,2025-10-06,102443.0,SUCCESS
232,1232,2025-09-06,127335.0,SUCCESS
233,1233,2025-06-13,132294.0,REFUNDED
234,1234,2025-12-23,103713.0,SUCCESS
235,1235,2025-07-12,77718.0,SUCCESS
236,1236,2025-08-16,203026.0,REFUNDED
237,1237,2025-06-26,30603.0,SUCCESS
238,1238,2025-04-09,70508.0,PENDING
239,1239,2025-02-06,105924.0,SUCCESS
240,1240,2025-04-08,86100.0,SUCCESS
241,1241,2025-06-01,208818.0,SUCCESS
242,1242,2025-06-02,106775.0,SUCCESS
243,1243,2025-07-10,161600.0,SUCCESS
244,1244,2025-08-12,214441.0,SUCCESS
245,1245,2025-02-08,98501.0,SUCCESS
246,1246,2025-09-27,288920.0,REFUNDED
247,1247,2025-07-04,27036.0,REFUNDED
248,1248,2025-01-14,366423.0,SUCCESS
249,1249,2025-10-07,191282.0,SUCCESS
250,1250,2025-08-07,358863.0,SUCCESS
251,1251,2025-12-23,159645.0,SUCCESS
252,1252,2025-12-28,302859.0,PENDING
253,1253,2025-10-15,124829.0,REFUNDED
254,1254,2025-10-02,200050.0,SUCCESS
255,1255,2025-03-04,89030.0,SUCCESS
256,1256,2025-03-27,196691.0,REFUNDED
257,1257,2025-08-07,234572.0,SUCCESS
258,1258,2025-12-10,427482.0,REFUNDED
259,1259,2025-07-07,168871.0,PENDING
260,1260,2025-01-21,44584.0,SUCCESS
261,1261,2025-06-27,311380.0,PENDING
262,1262,2025-04-11,82144.0,SUCCESS
263,1263,2025-08-21,1936.0,SUCCESS
264,1264,2025-03-17,160093.0,SUCCESS
265,1265,2025-09-24,198036.0,SUCCESS
266,1266,2025-10-12,245143.0,PENDING
267,1267,2025-07-25,38859.0,REFUNDED
268,1268,2025-08-13,375862.0,SUCCESS
269,1269,2025-02-21,100300.0,SUCCESS
270,1270,2025-12-05,377377.0,SUCCESS
271,1271,2025-05-25,298521.0,SUCCESS
272,1272,2025-03-11,430086.0,REFUNDED
273,1273,2025-04-09,22688.0,SUCCESS
274,1274,2025-01-25,292167.0,SUCCESS
275,1275,2025-02-23,53218.0,SUCCESS
276,1276,2025-06-02,112598.0,PENDING
277,1277,2025-05-25,1988.0,SUCCESS
278,1278,2025-02-26,130153.0,SUCCESS
279,1279,2025-02-10,104954.0,REFUNDED
280,1280,2025-04-19,205656.0,SUCCESS
281,1281,2025-07-02,33270.0,SUCCESS
282,1282,2025-02-11,361623.0,REFUNDED
283,1283,2025-07-07,133545.0,SUCCESS
284,1284,2025-08-13,100031.0,SUCCESS
285,1285,2025-05-02,96834.0,SUCCESS
286,1286,2025-05-15,205657.0,SUCCESS
287,1287,2025-06-13,310613.0,PENDING
288,1288,2025-08-03,150450.0,PENDING
289,1289,2025-08-10,237337.0,SUCCESS
290,1290,2025-08-23,153261.0,SUCCESS
291,1291,2025-11-29,95352.0,REFUNDED
292,1292,2025-05-28,116071.0,REFUNDED
293,1293,2025-08-29,173166.0,REFUNDED
294,1294,2025-03-17,320402.0,SUCCESS
295,1295,2025-01-10,90675.0,PENDING
296,1296,2025-03-16,54701.0,SUCCESS
297,1297,2025-09-10,151191.0,SUCCESS
298,1298,2025-08-18,273443.0,SUCCESS
299,1299,2025-01-08,418764.0,SUCCESS
300,1300,2025-06-24,245625.0,REFUNDED
301,1301,2025-05-22,216390.0,SUCCESS
302,1302,2025-06-18,79306.0,SUCCESS
303,1303,2025-06-19,332797.0,PENDING
304,1304,2025-10-10,52962.0,PENDING
305,1305,2025-05-04,158801.0,SUCCESS
306,1306,2025-07-14,141051.0,PENDING
307,1307,2025-01-07,197715.0,REFUNDED
308,1308,2025-01-29,115890.0,SUCCESS
309,1309,2025-06-14,183609.0,REFUNDED
310,1310,2025-12-07,23450.0,SUCCESS
311,1311,2025-05-17,259709.0,REFUNDED
312,1312,2026-01-01,134151.0,SUCCESS
313,1313,2025-11-18,115039.0,SUCCESS
314,1314,2025-12-09,53670.0,SUCCESS
315,1315,2025-05-27,38859.0,SUCCESS
316,1316,2025-11-25,204075.0,SUCCESS
317,1317,2025-08-05,22353.0,SUCCESS
318,1318,2025-10-29,149828.0,SUCCESS
319,1319,2025-05-13,224668.0,SUCCESS
320,1320,2025-10-20,317385.0,SUCCESS
321,1321,2025-03-13,61140.0,SUCCESS
322,1322,2025-09-10,233366.0,SUCCESS
323,1323,2025-10-04,222960.0,REFUNDED
324,1324,2025-12-31,269447.0,REFUNDED
325,1325,2025-07-02,53925.0,SUCCESS
326,1326,2025-06-16,218850.0,SUCCESS
327,1327,2025-04-02,100300.0,SUCCESS
328,1328,2025-07-22,278162.0,SUCCESS
329,1329,2025-12-12,250623.0,PENDING
330,1330,2025-01-21,180225.0,SUCCESS
331,1331,2025-02-10,283257.0,SUCCESS
332,1332,2025-05-07,51305.0,REFUNDED
333,1333,2025-06-24,20380.0,SUCCESS
334,1334,2025-05-22,65568.0,SUCCESS
335,1335,2025-08-30,267256.0,SUCCESS
336,1336,2025-08-08,164103.0,SUCCESS
337,1337,2025-05-07,311904.0,SUCCESS
338,1338,2025-02-27,407024.0,SUCCESS
339,1339,2025-05-28,204401.0,SUCCESS
340,1340,2025-11-14,172346.0,SUCCESS
341,1341,2025-12-28,24882.0,SUCCESS
342,1342,2025-01-01,44717.0,SUCCESS
343,1343,2025-12-16,384018.0,REFUNDED
344,1344,2025-07-11,77718.0,REFUNDED
345,1345,2025-07-11,211296.0,SUCCESS
346,1346,2025-11-09,109319.0,SUCCESS
347,1347,2025-04-29,150450.0,PENDING
348,1348,2025-05-14,48387.0,SUCCESS
349,1349,2025-03-01,138232.0,REFUNDED
350,1350,2025-02-15,243553.0,SUCCESS
351,1351,2025-06-24,218131.0,SUCCESS
352,1352,2025-06-11,33270.0,SUCCESS
353,1353,2025-06-23,160351.0,SUCCESS
354,1354,2025-11-14,107159.0,SUCCESS
355,1355,2025-10-30,218990.0,PENDING
356,1356,2025-05-29,258767.0,REFUNDED
357,1357,2025-03-21,191998.0,SUCCESS
358,1358,2025-08-01,363747.0,SUCCESS
359,1359,2025-07-24,74031.0,SUCCESS
360,1360,2025-09-10,224208.0,SUCCESS
361,1361,2025-08-18,155030.0,PENDING
362,1362,2025-06-13,303766.0,SUCCESS
363,1363,2025-08-15,290238.0,SUCCESS
364,1364,2025-05-29,50150.0,SUCCESS
365,1365,2025-01-22,127766.0,REFUNDED
366,1366,2025-02-16,151226.0,SUCCESS
367,1367,2025-08-22,292424.0,SUCCESS
368,1368,2025-11-02,5231.0,SUCCESS
369,1369,2025-01-15,222695.0,PENDING
370,1370,2025-05-23,226933.0,SUCCESS
371,1371,2025-01-02,267501.0,SUCCESS
372,1372,2025-02-25,376859.0,REFUNDED
373,1373,2025-09-18,95688.0,SUCCESS
374,1374,2025-05-24,107647.0,SUCCESS
375,1375,2025-01-14,38859.0,SUCCESS
376,1376,2025-11-26,297016.0,REFUNDED
377,1377,2025-08-13,218967.0,PENDING
378,1378,2025-09-30,39653.0,REFUNDED
379,1379,2025-12-25,282330.0,PENDING
380,1380,2025-06-07,159719.0,REFUNDED
381,1381,2025-01-08,91809.0,REFUNDED
382,1382,2025-05-03,87705.0,SUCCESS
383,1383,2025-12-14,76886.0,SUCCESS
384,1384,2025-06-14,244631.0,REFUNDED
385,1385,2025-04-02,245521.0,SUCCESS
386,1386,2025-05-18,236793.0,REFUNDED
387,1387,2025-07-05,22219.0,SUCCESS
388,1388,2025-11-14,258590.0,SUCCESS
389,1389,2025-06-29,267410.0,SUCCESS
390,1390,2025-01-28,53670.0,SUCCESS
391,1391,2025-08-09,110751.0,SUCCESS
392,1392,2025-12-25,155344.0,REFUNDED
393,1393,2025-02-10,156586.0,REFUNDED
394,1394,2025-08-18,10189.0,SUCCESS
395,1395,2025-07-13,362735.0,SUCCESS
396,1396,2025-05-27,206950.0,SUCCESS
397,1397,2025-07-22,292941.0,PENDING
398,1398,2025-07-31,377781.0,SUCCESS
399,1399,2025-08-08,246688.0,SUCCESS
400,1400,2025-08-28,89548.0,SUCCESS
401,1401,2025-02-17,291065.0,SUCCESS
402,1402,2025-02-06,188031.0,REFUNDED
403,1403,2025-09-12,392947.0,SUCCESS
404,1404,2025-03-23,164330.0,REFUNDED
405,1405,2025-09-15,256374.0,SUCCESS
406,1406,2025-07-17,202537.0,REFUNDED
407,1407,2025-11-01,38859.0,SUCCESS
408,1408,2025-01-11,146091.0,PENDING
409,1409,2025-11-10,304629.0,SUCCESS
410,1410,2025-10-13,125147.0,SUCCESS
411,1411,2025-09-01,47919.0,PENDING
412,1412,2025-09-09,219024.0,REFUNDED
413,1413,2026-01-01,230643.0,SUCCESS
414,1414,2025-01-07,30603.0,REFUNDED
415,1415,2025-04-30,39653.0,SUCCESS
416,1416,2025-10-17,86140.0,SUCCESS
417,1417,2025-03-06,54684.0,SUCCESS
418,1418,2025-05-28,194696.0,SUCCESS
419,1419,2025-08-14,130112.0,SUCCESS
420,1420,2025-08-29,201361.0,SUCCESS
421,1421,2025-06-27,126840.0,REFUNDED
422,1422,2025-09-26,69172.0,SUCCESS
423,1423,2025-12-09,92529.0,SUCCESS
424,1424,2025-10-09,253947.0,PENDING
425,1425,2025-03-04,375881.0,SUCCESS
426,1426,2025-08-05,230286.0,SUCCESS
427,1427,2025-12-09,382332.0,REFUNDED
428,1428,2025-11-13,24882.0,REFUNDED
429,1429,2025-10-10,318818.0,PENDING
430,1430,2025-06-26,93890.0,SUCCESS
431,1431,2025-04-08,121132.0,REFUNDED
432,1432,2025-04-17,106885.0,SUCCESS
433,1433,2025-04-11,118959.0,SUCCESS
434,1434,2025-11-09,247485.0,SUCCESS
435,1435,2025-01-07,269862.0,SUCCESS
436,1436,2025-07-17,99265.0,SUCCESS
437,1437,2025-12-17,368308.0,SUCCESS
438,1438,2025-05-15,159267.0,PENDING
439,1439,2025-12-24,344938.0,REFUNDED
440,1440,2025-09-18,82826.0,SUCCESS
441,1441,2025-01-25,64602.0,SUCCESS
442,1442,2025-02-24,10462.0,SUCCESS
443,1443,2025-06-15,24882.0,SUCCESS
444,1444,2025-07-22,22219.0,SUCCESS
445,1445,2025-03-26,93890.0,SUCCESS
446,1446,2025-05-25,315526.0,SUCCESS
447,1447,2025-03-28,94430.0,PENDING
448,1448,2025-03-21,89434.0,PENDING
449,1449,2025-01-01,57639.0,SUCCESS
450,1450,2025-02-22,17666.0,REFUNDED
451,1451,2025-06-22,120473.0,REFUNDED
452,1452,2025-07-25,194395.0,SUCCESS
453,1453,2025-09-18,373996.0,PENDING
454,1454,2025-10-15,1491.0,PENDING
455,1455,2025-02-04,8294.0,PENDING
456,1456,2025-12-15,130077.0,SUCCESS
457,1457,2025-04-05,205196.0,PENDING
458,1458,2025-03-14,257420.0,SUCCESS
459,1459,2025-02-10,184286.0,SUCCESS
460,1460,2025-06-05,106066.0,PENDING
461,1461,2025-09-07,17975.0,SUCCESS
462,1462,2025-06-12,109852.0,SUCCESS
463,1463,2025-04-30,267701.0,SUCCESS
464,1464,2025-09-18,56642.0,SUCCESS
465,1465,2025-11-03,286756.0,SUCCESS
466,1466,2025-09-26,228994.0,SUCCESS
467,1467,2025-02-25,338307.0,SUCCESS
468,1468,2025-08-26,56642.0,SUCCESS
469,1469,2025-08-10,60878.0,SUCCESS
470,1470,2025-09-08,26339.0,SUCCESS
471,1471,2025-11-11,159099.0,SUCCESS
472,1472,2025-04-22,153283.0,REFUNDED
473,1473,2025-09-14,374168.0,PENDING
474,1474,2025-11-01,104766.0,PENDING
475,1475,2025-07-26,305905.0,SUCCESS
476,1476,2025-08-17,138924.0,SUCCESS
477,1477,2025-12-08,168434.0,PENDING
478,1478,2025-03-08,66657.0,REFUNDED
479,1479,2025-03-17,181876.0,PENDING
480,1480,2025-04-15,71892.0,REFUNDED
481,1481,2025-07-11,116455.0,SUCCESS
482,1482,2025-09-11,8846.0,SUCCESS
483,1483,2025-08-14,7881.0,SUCCESS
484,1484,2025-10-23,140628.0,SUCCESS
485,1485,2025-11-03,39653.0,SUCCESS
486,1486,2025-04-09,82144.0,SUCCESS
487,1487,2025-12-05,244008.0,SUCCESS
488,1488,2025-10-15,166746.0,SUCCESS
489,1489,2025-12-01,23076.0,SUCCESS
490,1490,2025-12-13,266119.0,SUCCESS
491,1491,2025-11-05,167710.0,REFUNDED
492,1492,2025-09-07,292866.0,PENDING
493,1493,2025-06-16,92502.0,SUCCESS
494,1494,2025-12-02,236530.0,SUCCESS
495,1495,2025-01-30,201841.0,REFUNDED
496,1496,2025-09-06,239884.0,SUCCESS
497,1497,2025-04-18,182034.0,REFUNDED
498,1498,2025-02-22,265631.0,REFUNDED
499,1499,2025-03-24,7692.0,SUCCESS
500,1500,2025-05-14,89315.0,PENDING
